   0.002 SPI  [cap] port open
   0.002 NRF  [cap] port open
   0.107 NRF  ESP-ROM:esp32c3-api1-20210207
   0.107 NRF  Build:Feb  7 2021
   0.107 NRF  rst:0x15 (USB_UART_CHIP_RESET),boot:0xd (SPI_FAST_FLASH_BOOT)
   0.107 NRF  Saved PC:0x4201162a
   0.107 NRF  SPIWP:0xee
   0.107 NRF  mode:DIO, clock div:1
   0.107 NRF  load:0x3fcd5830,len:0x1574
   0.107 NRF  load:0x403cbf10,len:0xc7c
   0.107 NRF  load:0x403ce710,len:0x3004
   0.107 NRF  entry 0x403cbf1a
   0.107 NRF  I (24) boot: ESP-IDF v6.0.1 2nd stage bootloader
   0.107 NRF  I (24) boot: chip revision: v0.4
   0.107 NRF  I (24) boot: efuse block revision: v1.3
   0.107 NRF  I (25) boot.esp32c3: SPI Speed      : 80MHz
   0.107 NRF  I (25) boot.esp32c3: SPI Mode       : DIO
   0.107 NRF  I (25) boot.esp32c3: SPI Flash Size : 4MB
   0.107 NRF  I (25) boot: Enabling RNG early entropy source...
   0.107 NRF  I (25) boot: Partition Table:
   0.107 NRF  I (25) boot: ## Label            Usage          Type ST Offset   Length
   0.107 NRF  I (25) boot:  0 otadata          OTA data         01 00 00009000 00002000
   0.107 NRF  I (26) boot:  1 phy_init         RF data          01 01 0000b000 00001000
   0.107 NRF  I (26) boot:  2 app0             OTA app          00 10 00010000 001c0000
   0.107 NRF  I (26) boot:  3 app1             OTA app          00 11 001d0000 001c0000
   0.107 NRF  I (26) boot:  4 nvs              WiFi data        01 02 00390000 00070000
   0.107 NRF  I (27) boot: End of partition table
   0.107 NRF  I (27) esp_image: segment 0: paddr=00010020 vaddr=3c020020 size=0a774h ( 42868) map
   0.107 NRF  I (34) esp_image: segment 1: paddr=0001a79c vaddr=3fc88200 size=024a8h (  9384) load
   0.107 NRF  I (36) esp_image: segment 2: paddr=0001cc4c vaddr=40380000 size=033cch ( 13260) load
   0.107 NRF  I (39) esp_image: segment 3: paddr=00020020 vaddr=42000020 size=1ccb8h (117944) map
   0.107 NRF  I (57) esp_image: segment 4: paddr=0003cce0 vaddr=403833cc size=04cc0h ( 19648) load
   0.107 NRF  I (61) esp_image: segment 5: paddr=000419a8 vaddr=50000000 size=00024h (    36) load
   0.107 NRF  I (64) boot: Loaded app from partition at offset 0x10000
   0.107 NRF  I (64) boot: Disabling RNG early entropy source...
   0.107 SPI  ESP-ROM:esp32c3-api1-20210207
   0.107 SPI  Build:Feb  7 2021
   0.107 SPI  rst:0x15 (USB_UART_CHIP_RESET),boot:0xd (SPI_FAST_FLASH_BOOT)
   0.107 SPI  Saved PC:0x40382fe2
   0.107 SPI  SPIWP:0xee
   0.107 SPI  mode:DIO, clock div:1
   0.107 SPI  load:0x3fcd5830,len:0x1574
   0.107 SPI  load:0x403cbf10,len:0xc7c
   0.107 SPI  load:0x403ce710,len:0x3004
   0.107 SPI  entry 0x403cbf1a
   0.107 SPI  I (24) boot: ESP-IDF v6.0.1 2nd stage bootloader
   0.107 SPI  I (24) boot: chip revision: v0.4
   0.107 SPI  I (24) boot: efuse block revision: v1.3
   0.107 SPI  I (25) boot.esp32c3: SPI Speed      : 80MHz
   0.107 SPI  I (25) boot.esp32c3: SPI Mode       : DIO
   0.107 SPI  I (25) boot.esp32c3: SPI Flash Size : 4MB
   0.107 SPI  I (25) boot: Enabling RNG early entropy source...
   0.107 SPI  I (25) boot: Partition Table:
   0.107 SPI  I (25) boot: ## Label            Usage          Type ST Offset   Length
   0.107 SPI  I (26) boot:  0 otadata          OTA data         01 00 00009000 00002000
   0.107 SPI  I (26) boot:  1 phy_init         RF data          01 01 0000b000 00001000
   0.107 SPI  I (26) boot:  2 app0             OTA app          00 10 00010000 001c0000
   0.107 SPI  I (26) boot:  3 app1             OTA app          00 11 001d0000 001c0000
   0.107 SPI  I (27) boot:  4 nvs              WiFi data        01 02 00390000 00070000
   0.107 SPI  I (27) boot: End of partition table
   0.107 SPI  I (27) esp_image: segment 0: paddr=00010020 vaddr=3c020020 size=0b20ch ( 45580) map
   0.107 SPI  I (35) esp_image: segment 1: paddr=0001b234 vaddr=3fc88a00 size=01a18h (  6680) load
   0.107 SPI  I (36) esp_image: segment 2: paddr=0001cc54 vaddr=40380000 size=033c4h ( 13252) load
   0.107 SPI  I (39) esp_image: segment 3: paddr=00020020 vaddr=42000020 size=1dfdch (122844) map
   0.107 SPI  I (58) esp_image: segment 4: paddr=0003e004 vaddr=403833c4 size=05590h ( 21904) load
   0.107 SPI  I (63) esp_image: segment 5: paddr=0004359c vaddr=50000000 size=00024h (    36) load
   0.107 SPI  I (65) boot: Loaded app from partition at offset 0x10000
   0.107 SPI  I (66) boot: Disabling RNG early entropy source...
   0.208 SPI  [I][logger:122]: Log initialized
   0.208 SPI  [I][app:060]: Running through setup()
   0.208 SPI  [I][u1u2:527]: ==================================================================
   0.208 SPI  [I][u1u2:581]:  LT8920 SPI sniffer: CLK=GPIO6 MOSI=GPIO7 SS=GPIO10 PKT=GPIO4, SPI mode 1, listen-only.
   0.209 SPI  [I][u1u2:583]:  One line per SS frame; identical repeats are folded.  [W] lines = TX packets / config.
   0.209 SPI  [I][u1u2:584]:  Take a remote battery out and back in to capture its start-up config (sync word).
   0.209 SPI  [I][u1u2:585]: ==================================================================
   0.209 SPI  [I][app:117]: setup() finished successfully!
   0.209 SPI  [I][app:151]: ESPHome version 2026.8.1 compiled on 2026-10-05 17:07:08 +0200
   0.209 SPI  [I][app:158]: ESP32 Chip: ESP32-C3 rev0.4, 1 core(s)
   0.212 NRF  [I][logger:122]: Log initialized
   0.212 NRF  [I][app:060]: Running through setup()
   0.212 NRF  [I][nrf24:873]: ==================================================================
   0.212 NRF  [I][nrf24:878]:  BUTTON mode on 2429 MHz, 1 Mbps.  Remote 10-30 cm from the nRF24 antenna.
   0.212 NRF  [I][nrf24:879]:  One line per press: the majority-voted packet, then '^^' under bytes that differ
   0.212 NRF  [I][nrf24:880]:  from the first press of the same button.  BOOT = next button + comparison table.
   0.212 NRF  [I][nrf24:886]: ==================================================================
   0.212 NRF  [W][nrf24:349]: ################################################################
   0.212 NRF  [W][nrf24:350]:  BUTTON 1/9: [POWER]
   0.212 NRF  [W][nrf24:351]:  Press it 4-10x, ~2 s apart; note what the remote display / vent does each time.
   0.212 NRF  [W][nrf24:352]:  BOOT tap = analyse this button + next one.  BOOT hold 2 s = restart this button.
   0.212 NRF  [W][nrf24:353]: ################################################################
   0.212 NRF  [I][app:117]: setup() finished successfully!
   0.212 NRF  [I][app:151]: ESPHome version 2026.8.1 compiled on 2026-10-05 08:58:35 +0200
   0.212 NRF  [I][app:158]: ESP32 Chip: ESP32-C3 rev0.4, 1 core(s)
  15.200 NRF  [I][nrf24:712]: waiting for [POWER] presses | decoded 0 | noise bursts 3 | up 15s
  30.091 SPI  [I][u1u2:607]: listening | frames 0 | TX packets 0 | dropped 0 | up 30s
  30.198 NRF  [I][nrf24:712]: waiting for [POWER] presses | decoded 0 | noise bursts 4 | up 30s
  45.168 NRF  [I][nrf24:712]: waiting for [POWER] presses | decoded 0 | noise bursts 5 | up 45s
  60.091 SPI  [I][u1u2:607]: listening | frames 0 | TX packets 0 | dropped 0 | up 60s
  60.166 NRF  [I][nrf24:712]: waiting for [POWER] presses | decoded 0 | noise bursts 6 | up 60s
  63.098 SPI  [I][u1u2:448]: ---- activity ----
  63.098 SPI  [I][u1u2:497]: +   0 ms  write r0, 0 B (not whole 16-bit words)  00  (partial byte: check wiring / spi_mode)
  63.098 SPI  [I][u1u2:345]:           (same frame x20 more)
  63.098 SPI  [I][u1u2:435]: ---- quiet: 21 frames, 0 TX packets, 0 FIFO reads, 0 PKT flags ----
  63.098 SPI  [I][u1u2:448]: ---- activity ----
  63.098 SPI  [I][u1u2:497]: +   0 ms  write r0, 0 B (not whole 16-bit words)  00  (partial byte: check wiring / spi_mode)
  63.514 SPI  [I][u1u2:345]:           (same frame x602 more)
  63.514 SPI  [I][u1u2:435]: ---- quiet: 603 frames, 0 TX packets, 0 FIFO reads, 0 PKT flags ----
  63.514 SPI  [W][component:421]: interval took a long time for an operation (371 ms), max is 50 ms
  63.514 SPI  [I][u1u2:448]: ---- activity ----
  63.514 SPI  [I][u1u2:497]: +   0 ms  write r0, 0 B (not whole 16-bit words)  00  (partial byte: check wiring / spi_mode)
  63.514 SPI  [I][u1u2:345]:           (same frame x69 more)
  63.514 SPI  [I][u1u2:435]: ---- quiet: 70 frames, 0 TX packets, 0 FIFO reads, 0 PKT flags ----
  63.514 SPI  [I][u1u2:448]: ---- activity ----
  63.515 SPI  [I][u1u2:497]: +   0 ms  write r0, 0 B (not whole 16-bit words)  00  (partial byte: check wiring / spi_mode)
  63.830 SPI  [I][u1u2:345]:           (same frame x40 more)
  63.830 SPI  [I][u1u2:435]: ---- quiet: 41 frames, 0 TX packets, 0 FIFO reads, 0 PKT flags ----
  74.995 SPI  [I][u1u2:448]: ---- activity ----
  74.995 SPI  [I][u1u2:497]: +   0 ms  write r0, 0 B (not whole 16-bit words)  00  (partial byte: check wiring / spi_mode)
  75.096 SPI  [I][u1u2:509]: +  27 ms  r0=6FE0                                            00 6F E0
  75.096 SPI  [I][u1u2:509]: +  27 ms  r1=5681                                            01 56 81
  75.096 SPI  [I][u1u2:509]: +  27 ms  r2=6617                                            02 66 17
  75.096 SPI  [I][u1u2:509]: +  28 ms  r4=9CC9                                            04 9C C9
  75.096 SPI  [I][u1u2:509]: +  28 ms  r5=6637                                            05 66 37
  75.096 SPI  [I][u1u2:509]: +  28 ms  r7=0030 TX/RX off ch 48 = 2450 MHz                 07 00 30
  75.096 SPI  [I][u1u2:509]: +  28 ms  r8=6C90                                            08 6C 90
  75.096 SPI  [I][u1u2:509]: +  28 ms  r9=4800 TX power: PA current 4, gain 0             09 48 00
  75.096 SPI  [I][u1u2:509]: +  28 ms  r10=7FFD                                           0A 7F FD
  75.096 SPI  [I][u1u2:509]: +  28 ms  r11=0008                                           0B 00 08
  75.096 SPI  [I][u1u2:509]: +  28 ms  r12=0000                                           0C 00 00
  75.096 SPI  [I][u1u2:509]: +  28 ms  r13=48BD                                           0D 48 BD
  75.096 SPI  [I][u1u2:509]: +  28 ms  r22=00FF                                           16 00 FF
  75.096 SPI  [I][u1u2:509]: +  28 ms  r23=8005 VCO calibration before each TX/RX on      17 80 05
  75.096 SPI  [I][u1u2:509]: +  28 ms  r24=0067                                           18 00 67
  75.096 SPI  [I][u1u2:509]: +  28 ms  r25=1659                                           19 16 59
  75.096 SPI  [I][u1u2:509]: +  28 ms  r26=19E0                                           1A 19 E0
  75.096 SPI  [I][u1u2:509]: +  28 ms  r27=1300 crystal trim 0                            1B 13 00
  75.096 SPI  [I][u1u2:509]: +  28 ms  r28=1800                                           1C 18 00
  75.096 SPI  [I][u1u2:509]: +  29 ms  r32=4800 preamble 3 B, sync 32 bit, trailer 4 bit, NRZ, no FEC 20 48 00
  75.096 SPI  [I][u1u2:509]: +  29 ms  r33=3FC7 VCO on delay 63 us, PA on delay 7 us      21 3F C7
  75.096 SPI  [I][u1u2:509]: +  29 ms  r34=2000                                           22 20 00
  75.096 SPI  [I][u1u2:509]: +  29 ms  r35=0300 auto-ack retries 3, whitening seed 00     23 03 00
  75.096 SPI  [I][u1u2:509]: +  29 ms  r36=0516 SYNC WORD [15:0]                          24 05 16
  75.096 SPI  [I][u1u2:509]: +  29 ms  r37=0001 SYNC WORD [31:16]                         25 00 01
  75.096 SPI  [I][u1u2:509]: +  29 ms  r38=5A5A SYNC WORD [47:32]                         26 5A 5A
  75.096 SPI  [I][u1u2:509]: +  29 ms  r39=1982 SYNC WORD [63:48]                         27 19 82
  75.096 SPI  [I][u1u2:509]: +  29 ms  r40=4401 FIFO empty/full thr 8/16, sync bit errors allowed 0 28 44 01
  75.096 SPI  [I][u1u2:509]: +  29 ms  r41=B000 CRC on, scramble off, length byte on, FIFO-empty ends TX on, auto-ack off, flags active-high, CRC seed 00 29 B0 00
  75.096 SPI  [I][u1u2:509]: +  29 ms  r42=FDB0 wait for ACK 176 us                       2A FD B0
  75.096 SPI  [I][u1u2:509]: +  29 ms  r43=000F RSSI scan off                             2B 00 0F
  75.096 SPI  [W][u1u2:360]: +  29 ms  TX PACKET 2 B  (last r7: ch 48 = 2450 MHz, 1 Mbps)
  75.096 SPI  [W][u1u2:365]:           00 00
  75.096 SPI  [I][u1u2:374]:           byte 0 = length byte 0 -> does NOT match the FIFO byte count
  75.096 SPI  [I][u1u2:509]: +  29 ms  r52=8080 clear TX FIFO ptr clear RX FIFO ptr       34 80 80
  75.096 SPI  [I][u1u2:492]: +  29 ms  read r0                                            80 80 80
  75.096 SPI  [I][u1u2:492]: +  29 ms  read r42                                           AA AA AA
  75.231 NRF  [I][nrf24:712]: waiting for [POWER] presses | decoded 0 | noise bursts 9 | up 75s
  75.405 SPI  [I][u1u2:435]: ---- quiet: 36 frames, 1 TX packets, 0 FIFO reads, 0 PKT flags ----
  75.405 SPI  [W][u1u2:410]: LT8920 CONFIG  (* = never written by U1, power-up default)
  75.405 SPI  [W][u1u2:421]:     r7=0030 TX/RX off ch 48 = 2450 MHz
  75.405 SPI  [W][u1u2:421]:   * r44=0100 data rate 1 Mbps
  75.405 SPI  [W][u1u2:421]:   * r45=0080 modem option (0080/0152 = 1 Mbps, 0552 = slower)
  75.405 SPI  [W][u1u2:421]:     r32=4800 preamble 3 B, sync 32 bit, trailer 4 bit, NRZ, no FEC
  75.405 SPI  [W][u1u2:417]:     SYNC WORD r39 r36 = 1982 0516  (32 bit, r36 LSB first on air)
  75.405 SPI  [W][u1u2:421]:     r41=B000 CRC on, scramble off, length byte on, FIFO-empty ends TX on, auto-ack off, flags active-high, CRC seed 00
  75.405 SPI  [W][u1u2:421]:     r35=0300 auto-ack retries 3, whitening seed 00
  75.405 SPI  [W][u1u2:421]:     r40=4401 FIFO empty/full thr 8/16, sync bit errors allowed 0
  75.405 SPI  [W][u1u2:421]:     r9=4800 TX power: PA current 4, gain 0
  75.405 SPI  [I][u1u2:429]:   registers written so far: r0 r1 r2 r4 r5 r7 r8 r9 r10 r11 r12 r13 r22 r23 r24 r25 r26 r27 r28 r32 r33 r34 r35 r36 r37 r38 r39 r40 r41 r42 r43 r52
  81.713 SPI  [I][u1u2:448]: ---- activity ----
  81.716 SPI  [I][u1u2:509]: +   0 ms  r35=4300 SLEEP (wakes on SS low), auto-ack retries 3, whitening seed 00 23 43 00
  81.917 SPI  [I][u1u2:435]: ---- quiet: 1 frames, 0 TX packets, 0 FIFO reads, 0 PKT flags ----
  81.917 SPI  [W][u1u2:410]: LT8920 CONFIG  (* = never written by U1, power-up default)
  81.917 SPI  [W][u1u2:421]:     r7=0030 TX/RX off ch 48 = 2450 MHz
  81.917 SPI  [W][u1u2:421]:   * r44=0100 data rate 1 Mbps
  81.917 SPI  [W][u1u2:421]:   * r45=0080 modem option (0080/0152 = 1 Mbps, 0552 = slower)
  81.917 SPI  [W][u1u2:421]:     r32=4800 preamble 3 B, sync 32 bit, trailer 4 bit, NRZ, no FEC
  82.021 SPI  [W][u1u2:417]:     SYNC WORD r39 r36 = 1982 0516  (32 bit, r36 LSB first on air)
  82.022 SPI  [W][u1u2:421]:     r41=B000 CRC on, scramble off, length byte on, FIFO-empty ends TX on, auto-ack off, flags active-high, CRC seed 00
  82.022 SPI  [W][u1u2:421]:     r35=4300 SLEEP (wakes on SS low), auto-ack retries 3, whitening seed 00
  82.022 SPI  [W][u1u2:421]:     r40=4401 FIFO empty/full thr 8/16, sync bit errors allowed 0
  82.022 SPI  [W][u1u2:421]:     r9=4800 TX power: PA current 4, gain 0
  82.022 SPI  [I][u1u2:429]:   registers written so far: r0 r1 r2 r4 r5 r7 r8 r9 r10 r11 r12 r13 r22 r23 r24 r25 r26 r27 r28 r32 r33 r34 r35 r36 r37 r38 r39 r40 r41 r42 r43 r52
  90.180 SPI  [I][u1u2:607]: listening | frames 772 | TX packets 1 | dropped 16833 | up 90s
  90.218 NRF  [I][nrf24:712]: waiting for [POWER] presses | decoded 0 | noise bursts 10 | up 90s
  92.018 SPI  [I][u1u2:448]: ---- activity ----
  92.018 SPI  [I][u1u2:509]: +   0 ms  r7=0006 TX/RX off ch 6 = 2408 MHz                  07 00 06
  92.018 SPI  [I][u1u2:509]: +   0 ms  r52=8000 clear TX FIFO ptr                         34 80 00
  92.018 SPI  [W][u1u2:360]: +   0 ms  TX PACKET 10 B  (last r7: ch 6 = 2408 MHz, 1 Mbps)
  92.018 SPI  [W][u1u2:365]:           09 5F 18 02 00 0E 80 CF 80 5F
  92.018 SPI  [I][u1u2:371]:           ^^ ^^ ^^ ^^ ^^ ^^ ^^ ^^ ^^ ^^  (^^ = differs from previous packet)
  92.018 SPI  [I][u1u2:374]:           byte 0 = length byte 9 -> matches
  92.018 SPI  [I][u1u2:509]: +   0 ms  r7=0106 TX_EN ch 6 = 2408 MHz                      07 01 06
  92.018 SPI  [I][u1u2:492]: +   0 ms  read r48 (status: CRC err/sync/PKT/FIFO)           B0 B0 B0
  92.018 SPI  [I][u1u2:345]:           (same frame x2 more)
  92.018 SPI  [I][u1u2:509]: +   1 ms  r7=001A TX/RX off ch 26 = 2428 MHz                 07 00 1A
  92.018 SPI  [I][u1u2:509]: +   1 ms  r52=8000 clear TX FIFO ptr                         34 80 00
  92.018 SPI  [W][u1u2:360]: +   1 ms  TX PACKET 10 B  (last r7: ch 26 = 2428 MHz, 1 Mbps)
  92.018 SPI  [W][u1u2:365]:           09 5F 18 02 00 0E 80 CF 80 5F
  92.018 SPI  [I][u1u2:371]:           .. .. .. .. .. .. .. .. .. ..  (^^ = differs from previous packet)
  92.018 SPI  [I][u1u2:374]:           byte 0 = length byte 9 -> matches
  92.018 SPI  [I][u1u2:509]: +   1 ms  r7=011A TX_EN ch 26 = 2428 MHz                     07 01 1A
  92.018 SPI  [I][u1u2:492]: +   1 ms  read r48 (status: CRC err/sync/PKT/FIFO)           B0 B0 B0
  92.018 SPI  [I][u1u2:345]:           (same frame x2 more)
  92.018 SPI  [I][u1u2:509]: +   2 ms  r7=003E TX/RX off ch 62 = 2464 MHz                 07 00 3E
  92.018 SPI  [I][u1u2:509]: +   2 ms  r52=8000 clear TX FIFO ptr                         34 80 00
  92.018 SPI  [W][u1u2:360]: +   2 ms  TX PACKET 10 B  (last r7: ch 62 = 2464 MHz, 1 Mbps)
  92.018 SPI  [W][u1u2:365]:           09 5F 18 02 00 0E 80 CF 80 5F
  92.018 SPI  [I][u1u2:371]:           .. .. .. .. .. .. .. .. .. ..  (^^ = differs from previous packet)
  92.018 SPI  [I][u1u2:374]:           byte 0 = length byte 9 -> matches
  92.018 SPI  [I][u1u2:509]: +   2 ms  r7=013E TX_EN ch 62 = 2464 MHz                     07 01 3E
  92.018 SPI  [I][u1u2:492]: +   2 ms  read r48 (status: CRC err/sync/PKT/FIFO)           B0 B0 B0
  92.018 SPI  [I][u1u2:345]:           (same frame x2 more)
  92.018 SPI  [I][u1u2:509]: +   3 ms  r7=004E TX/RX off ch 78 = 2480 MHz                 07 00 4E
  92.018 SPI  [I][u1u2:509]: +   3 ms  r52=8000 clear TX FIFO ptr                         34 80 00
  92.018 SPI  [W][u1u2:360]: +   3 ms  TX PACKET 10 B  (last r7: ch 78 = 2480 MHz, 1 Mbps)
  92.018 SPI  [W][u1u2:365]:           09 5F 18 02 00 0E 80 CF 80 5F
  92.018 SPI  [I][u1u2:371]:           .. .. .. .. .. .. .. .. .. ..  (^^ = differs from previous packet)
  92.018 SPI  [I][u1u2:374]:           byte 0 = length byte 9 -> matches
  92.018 SPI  [I][u1u2:509]: +   3 ms  r7=014E TX_EN ch 78 = 2480 MHz                     07 01 4E
  92.018 SPI  [I][u1u2:492]: +   4 ms  read r48 (status: CRC err/sync/PKT/FIFO)           B0 B0 B0
  92.018 SPI  [I][u1u2:345]:           (same frame x2 more)
  92.018 SPI  [I][u1u2:509]: +   4 ms  r7=0006 TX/RX off ch 6 = 2408 MHz                  07 00 06
  92.018 SPI  [I][u1u2:509]: +   4 ms  r52=8000 clear TX FIFO ptr                         34 80 00
  92.018 SPI  [W][u1u2:360]: +   5 ms  TX PACKET 10 B  (last r7: ch 6 = 2408 MHz, 1 Mbps)
  92.018 SPI  [W][u1u2:365]:           09 5F 18 02 00 0E 80 CF 80 5F
  92.018 SPI  [I][u1u2:371]:           .. .. .. .. .. .. .. .. .. ..  (^^ = differs from previous packet)
  92.018 SPI  [I][u1u2:374]:           byte 0 = length byte 9 -> matches
  92.018 SPI  [I][u1u2:509]: +   5 ms  r7=0106 TX_EN ch 6 = 2408 MHz                      07 01 06
  92.018 SPI  [I][u1u2:492]: +   5 ms  read r48 (status: CRC err/sync/PKT/FIFO)           B0 B0 B0
  92.018 SPI  [I][u1u2:345]:           (same frame x2 more)
  92.018 SPI  [I][u1u2:509]: +   5 ms  r7=001A TX/RX off ch 26 = 2428 MHz                 07 00 1A
  92.066 SPI  [I][u1u2:509]: +   5 ms  r52=8000 clear TX FIFO ptr                         34 80 00
  92.066 SPI  [W][u1u2:360]: +   6 ms  TX PACKET 10 B  (last r7: ch 26 = 2428 MHz, 1 Mbps)
  92.066 SPI  [W][u1u2:365]:           09 5F 18 02 00 0E 80 CF 80 5F
  92.066 SPI  [I][u1u2:371]:           .. .. .. .. .. .. .. .. .. ..  (^^ = differs from previous packet)
  92.066 SPI  [I][u1u2:374]:           byte 0 = length byte 9 -> matches
  92.066 SPI  [I][u1u2:509]: +   6 ms  r7=011A TX_EN ch 26 = 2428 MHz                     07 01 1A
  92.066 SPI  [I][u1u2:492]: +   6 ms  read r48 (status: CRC err/sync/PKT/FIFO)           B0 B0 B0
  92.066 SPI  [I][u1u2:345]:           (same frame x2 more)
  92.066 SPI  [I][u1u2:509]: +   6 ms  r7=003E TX/RX off ch 62 = 2464 MHz                 07 00 3E
  92.066 SPI  [I][u1u2:509]: +   6 ms  r52=8000 clear TX FIFO ptr                         34 80 00
  92.066 SPI  [W][u1u2:360]: +   7 ms  TX PACKET 10 B  (last r7: ch 62 = 2464 MHz, 1 Mbps)
  92.066 SPI  [W][u1u2:365]:           09 5F 18 02 00 0E 80 CF 80 5F
  92.066 SPI  [I][u1u2:371]:           .. .. .. .. .. .. .. .. .. ..  (^^ = differs from previous packet)
  92.066 SPI  [I][u1u2:374]:           byte 0 = length byte 9 -> matches
  92.066 SPI  [I][u1u2:509]: +   7 ms  r7=013E TX_EN ch 62 = 2464 MHz                     07 01 3E
  92.066 SPI  [I][u1u2:492]: +   7 ms  read r48 (status: CRC err/sync/PKT/FIFO)           B0 B0 B0
  92.066 SPI  [I][u1u2:345]:           (same frame x2 more)
  92.066 SPI  [I][u1u2:509]: +   7 ms  r7=004E TX/RX off ch 78 = 2480 MHz                 07 00 4E
  92.066 SPI  [I][u1u2:509]: +   8 ms  r52=8000 clear TX FIFO ptr                         34 80 00
  92.066 SPI  [W][u1u2:360]: +   8 ms  TX PACKET 10 B  (last r7: ch 78 = 2480 MHz, 1 Mbps)
  92.066 SPI  [W][u1u2:365]:           09 5F 18 02 00 0E 80 CF 80 5F
  92.066 SPI  [I][u1u2:371]:           .. .. .. .. .. .. .. .. .. ..  (^^ = differs from previous packet)
  92.066 SPI  [I][u1u2:374]:           byte 0 = length byte 9 -> matches
  92.066 SPI  [I][u1u2:509]: +   8 ms  r7=014E TX_EN ch 78 = 2480 MHz                     07 01 4E
  92.066 SPI  [I][u1u2:492]: +   8 ms  read r48 (status: CRC err/sync/PKT/FIFO)           B0 B0 B0
  92.066 SPI  [I][u1u2:345]:           (same frame x2 more)
  92.066 SPI  [I][u1u2:509]: +  29 ms  r7=0006 TX/RX off ch 6 = 2408 MHz                  07 00 06
  92.066 SPI  [I][u1u2:509]: +  29 ms  r52=8000 clear TX FIFO ptr                         34 80 00
  92.066 SPI  [W][u1u2:360]: +  29 ms  TX PACKET 10 B  (last r7: ch 6 = 2408 MHz, 1 Mbps)
  92.066 SPI  [W][u1u2:365]:           09 5F 18 02 00 0E 80 CF 80 5F
  92.066 SPI  [I][u1u2:371]:           .. .. .. .. .. .. .. .. .. ..  (^^ = differs from previous packet)
  92.066 SPI  [I][u1u2:374]:           byte 0 = length byte 9 -> matches
  92.066 SPI  [I][u1u2:509]: +  29 ms  r7=0106 TX_EN ch 6 = 2408 MHz                      07 01 06
  92.066 SPI  [I][u1u2:492]: +  30 ms  read r48 (status: CRC err/sync/PKT/FIFO)           B0 B0 B0
  92.066 SPI  [I][u1u2:345]:           (same frame x1 more)
  92.066 SPI  [I][u1u2:509]: +  30 ms  r7=001A TX/RX off ch 26 = 2428 MHz                 07 00 1A
  92.066 SPI  [I][u1u2:509]: +  30 ms  r52=8000 clear TX FIFO ptr                         34 80 00
  92.066 SPI  [W][u1u2:360]: +  30 ms  TX PACKET 10 B  (last r7: ch 26 = 2428 MHz, 1 Mbps)
  92.066 SPI  [W][u1u2:365]:           09 5F 18 02 00 0E 80 CF 80 5F
  92.066 SPI  [I][u1u2:371]:           .. .. .. .. .. .. .. .. .. ..  (^^ = differs from previous packet)
  92.066 SPI  [I][u1u2:374]:           byte 0 = length byte 9 -> matches
  92.066 SPI  [I][u1u2:509]: +  30 ms  r7=011A TX_EN ch 26 = 2428 MHz                     07 01 1A
  92.066 SPI  [I][u1u2:492]: +  31 ms  read r48 (status: CRC err/sync/PKT/FIFO)           B0 B0 B0
  92.066 SPI  [I][u1u2:345]:           (same frame x1 more)
  92.066 SPI  [I][u1u2:509]: +  31 ms  r7=003E TX/RX off ch 62 = 2464 MHz                 07 00 3E
  92.066 SPI  [I][u1u2:509]: +  31 ms  r52=8000 clear TX FIFO ptr                         34 80 00
  92.066 SPI  [W][u1u2:360]: +  31 ms  TX PACKET 10 B  (last r7: ch 62 = 2464 MHz, 1 Mbps)
  92.066 SPI  [W][u1u2:365]:           09 5F 18 02 00 0E 80 CF 80 5F
  92.111 SPI  [I][u1u2:371]:           .. .. .. .. .. .. .. .. .. ..  (^^ = differs from previous packet)
  92.111 SPI  [I][u1u2:374]:           byte 0 = length byte 9 -> matches
  92.111 SPI  [I][u1u2:509]: +  31 ms  r7=013E TX_EN ch 62 = 2464 MHz                     07 01 3E
  92.111 SPI  [I][u1u2:492]: +  31 ms  read r48 (status: CRC err/sync/PKT/FIFO)           B0 B0 B0
  92.111 SPI  [I][u1u2:345]:           (same frame x2 more)
  92.111 SPI  [I][u1u2:509]: +  32 ms  r7=004E TX/RX off ch 78 = 2480 MHz                 07 00 4E
  92.111 SPI  [I][u1u2:509]: +  32 ms  r52=8000 clear TX FIFO ptr                         34 80 00
  92.111 SPI  [W][u1u2:360]: +  32 ms  TX PACKET 10 B  (last r7: ch 78 = 2480 MHz, 1 Mbps)
  92.111 SPI  [W][u1u2:365]:           09 5F 18 02 00 0E 80 CF 80 5F
  92.111 SPI  [I][u1u2:371]:           .. .. .. .. .. .. .. .. .. ..  (^^ = differs from previous packet)
  92.111 SPI  [I][u1u2:374]:           byte 0 = length byte 9 -> matches
  92.111 SPI  [I][u1u2:509]: +  32 ms  r7=014E TX_EN ch 78 = 2480 MHz                     07 01 4E
  92.111 SPI  [I][u1u2:492]: +  32 ms  read r48 (status: CRC err/sync/PKT/FIFO)           B0 B0 B0
  92.111 SPI  [I][u1u2:345]:           (same frame x2 more)
  92.111 SPI  [I][u1u2:509]: +  33 ms  r7=0006 TX/RX off ch 6 = 2408 MHz                  07 00 06
  92.111 SPI  [W][u1u2:360]: +  35 ms  TX PACKET 10 B  (last r7: ch 6 = 2408 MHz, 1 Mbps)
  92.111 SPI  [W][u1u2:365]:           09 5F 18 02 00 0E 80 CF 80 5F
  92.111 SPI  [I][u1u2:371]:           .. .. .. .. .. .. .. .. .. ..  (^^ = differs from previous packet)
  92.111 SPI  [I][u1u2:374]:           byte 0 = length byte 9 -> matches
  92.111 SPI  [I][u1u2:509]: +  35 ms  r7=011A TX_EN ch 26 = 2428 MHz                     07 01 1A
  92.111 SPI  [I][u1u2:492]: +  35 ms  read r48 (status: CRC err/sync/PKT/FIFO)           B0 B0 B0
  92.111 SPI  [W][u1u2:360]: +  37 ms  TX PACKET 10 B  (last r7: ch 26 = 2428 MHz, 1 Mbps)
  92.111 SPI  [W][u1u2:365]:           09 5F 18 02 00 0E 80 CF 80 5F
  92.111 SPI  [I][u1u2:371]:           .. .. .. .. .. .. .. .. .. ..  (^^ = differs from previous packet)
  92.111 SPI  [I][u1u2:374]:           byte 0 = length byte 9 -> matches
  92.111 SPI  [I][u1u2:509]: +  90 ms  r7=0006 TX/RX off ch 6 = 2408 MHz                  07 00 06
  92.111 SPI  [I][u1u2:509]: +  90 ms  r52=8000 clear TX FIFO ptr                         34 80 00
  92.111 SPI  [W][u1u2:360]: +  91 ms  TX PACKET 10 B  (last r7: ch 6 = 2408 MHz, 1 Mbps)
  92.111 SPI  [W][u1u2:365]:           09 5F 18 02 00 0E 80 CF 80 5F
  92.111 SPI  [I][u1u2:371]:           .. .. .. .. .. .. .. .. .. ..  (^^ = differs from previous packet)
  92.111 SPI  [I][u1u2:374]:           byte 0 = length byte 9 -> matches
  92.111 SPI  [I][u1u2:509]: +  91 ms  r7=0106 TX_EN ch 6 = 2408 MHz                      07 01 06
  92.111 SPI  [I][u1u2:492]: +  91 ms  read r48 (status: CRC err/sync/PKT/FIFO)           B0 B0 B0
  92.111 SPI  [I][u1u2:345]:           (same frame x5 more)
  92.111 SPI  [I][u1u2:509]: +  91 ms  r7=001A TX/RX off ch 26 = 2428 MHz                 07 00 1A
  92.111 SPI  [I][u1u2:509]: +  91 ms  r52=8000 clear TX FIFO ptr                         34 80 00
  92.111 SPI  [W][u1u2:360]: +  92 ms  TX PACKET 10 B  (last r7: ch 26 = 2428 MHz, 1 Mbps)
  92.111 SPI  [W][u1u2:365]:           09 5F 18 02 00 0E 80 CF 80 5F
  92.111 SPI  [I][u1u2:371]:           .. .. .. .. .. .. .. .. .. ..  (^^ = differs from previous packet)
  92.111 SPI  [I][u1u2:374]:           byte 0 = length byte 9 -> matches
  92.111 SPI  [I][u1u2:509]: +  92 ms  r7=011A TX_EN ch 26 = 2428 MHz                     07 01 1A
  92.111 SPI  [I][u1u2:492]: +  92 ms  read r48 (status: CRC err/sync/PKT/FIFO)           B0 B0 B0
  92.111 SPI  [I][u1u2:345]:           (same frame x5 more)
  92.111 SPI  [I][u1u2:509]: +  93 ms  r7=003E TX/RX off ch 62 = 2464 MHz                 07 00 3E
  92.111 SPI  [I][u1u2:509]: +  93 ms  r52=8000 clear TX FIFO ptr                         34 80 00
  92.111 SPI  [W][u1u2:360]: +  93 ms  TX PACKET 10 B  (last r7: ch 62 = 2464 MHz, 1 Mbps)
  92.111 SPI  [W][u1u2:365]:           09 5F 18 02 00 0E 80 CF 80 5F
  92.158 SPI  [I][u1u2:371]:           .. .. .. .. .. .. .. .. .. ..  (^^ = differs from previous packet)
  92.158 SPI  [I][u1u2:374]:           byte 0 = length byte 9 -> matches
  92.158 SPI  [I][u1u2:509]: +  93 ms  r7=013E TX_EN ch 62 = 2464 MHz                     07 01 3E
  92.158 SPI  [I][u1u2:492]: +  93 ms  read r48 (status: CRC err/sync/PKT/FIFO)           B0 B0 B0
  92.158 SPI  [I][u1u2:345]:           (same frame x5 more)
  92.158 SPI  [I][u1u2:509]: +  94 ms  r7=004E TX/RX off ch 78 = 2480 MHz                 07 00 4E
  92.158 SPI  [I][u1u2:509]: +  94 ms  r52=8000 clear TX FIFO ptr                         34 80 00
  92.158 SPI  [W][u1u2:360]: +  95 ms  TX PACKET 10 B  (last r7: ch 78 = 2480 MHz, 1 Mbps)
  92.158 SPI  [W][u1u2:365]:           09 5F 18 02 00 0E 80 CF 80 5F
  92.158 SPI  [I][u1u2:371]:           .. .. .. .. .. .. .. .. .. ..  (^^ = differs from previous packet)
  92.158 SPI  [I][u1u2:374]:           byte 0 = length byte 9 -> matches
  92.158 SPI  [I][u1u2:509]: +  95 ms  r7=014E TX_EN ch 78 = 2480 MHz                     07 01 4E
  92.158 SPI  [I][u1u2:492]: +  95 ms  read r48 (status: CRC err/sync/PKT/FIFO)           B0 B0 B0
  92.158 SPI  [I][u1u2:345]:           (same frame x2 more)
  92.158 SPI  [I][u1u2:509]: +  95 ms  r7=0006 TX/RX off ch 6 = 2408 MHz                  07 00 06
  92.158 SPI  [I][u1u2:509]: +  95 ms  r52=8000 clear TX FIFO ptr                         34 80 00
  92.158 SPI  [W][u1u2:360]: +  96 ms  TX PACKET 10 B  (last r7: ch 6 = 2408 MHz, 1 Mbps)
  92.158 SPI  [W][u1u2:365]:           09 5F 18 02 00 0E 80 CF 80 5F
  92.158 SPI  [I][u1u2:371]:           .. .. .. .. .. .. .. .. .. ..  (^^ = differs from previous packet)
  92.158 SPI  [I][u1u2:374]:           byte 0 = length byte 9 -> matches
  92.158 SPI  [I][u1u2:509]: +  96 ms  r7=0106 TX_EN ch 6 = 2408 MHz                      07 01 06
  92.158 SPI  [I][u1u2:492]: +  96 ms  read r48 (status: CRC err/sync/PKT/FIFO)           B0 B0 B0
  92.158 SPI  [I][u1u2:345]:           (same frame x2 more)
  92.158 SPI  [I][u1u2:509]: +  96 ms  r7=001A TX/RX off ch 26 = 2428 MHz                 07 00 1A
  92.158 SPI  [I][u1u2:509]: +  97 ms  r52=8000 clear TX FIFO ptr                         34 80 00
  92.158 SPI  [I][u1u2:509]: +  99 ms  r7=004E TX/RX off ch 78 = 2480 MHz                 07 00 4E
  92.158 SPI  [I][u1u2:509]: + 146 ms  r7=0006 TX/RX off ch 6 = 2408 MHz                  07 00 06
  92.158 SPI  [I][u1u2:509]: + 146 ms  r52=8000 clear TX FIFO ptr                         34 80 00
  92.158 SPI  [W][u1u2:360]: + 146 ms  TX PACKET 10 B  (last r7: ch 6 = 2408 MHz, 1 Mbps)
  92.158 SPI  [W][u1u2:365]:           09 5F 18 02 00 0E 80 CF 80 5F
  92.158 SPI  [I][u1u2:371]:           .. .. .. .. .. .. .. .. .. ..  (^^ = differs from previous packet)
  92.158 SPI  [I][u1u2:374]:           byte 0 = length byte 9 -> matches
  92.158 SPI  [I][u1u2:509]: + 147 ms  r7=0106 TX_EN ch 6 = 2408 MHz                      07 01 06
  92.158 SPI  [I][u1u2:492]: + 147 ms  read r48 (status: CRC err/sync/PKT/FIFO)           B0 B0 B0
  92.158 SPI  [I][u1u2:345]:           (same frame x5 more)
  92.158 SPI  [I][u1u2:509]: + 147 ms  r7=001A TX/RX off ch 26 = 2428 MHz                 07 00 1A
  92.158 SPI  [I][u1u2:509]: + 147 ms  r52=8000 clear TX FIFO ptr                         34 80 00
  92.158 SPI  [W][u1u2:360]: + 148 ms  TX PACKET 10 B  (last r7: ch 26 = 2428 MHz, 1 Mbps)
  92.158 SPI  [W][u1u2:365]:           09 5F 18 02 00 0E 80 CF 80 5F
  92.158 SPI  [I][u1u2:371]:           .. .. .. .. .. .. .. .. .. ..  (^^ = differs from previous packet)
  92.158 SPI  [I][u1u2:374]:           byte 0 = length byte 9 -> matches
  92.158 SPI  [I][u1u2:509]: + 148 ms  r7=011A TX_EN ch 26 = 2428 MHz                     07 01 1A
  92.158 SPI  [I][u1u2:492]: + 148 ms  read r48 (status: CRC err/sync/PKT/FIFO)           B0 B0 B0
  92.158 SPI  [I][u1u2:345]:           (same frame x5 more)
  92.158 SPI  [I][u1u2:509]: + 149 ms  r7=003E TX/RX off ch 62 = 2464 MHz                 07 00 3E
  92.158 SPI  [I][u1u2:509]: + 149 ms  r52=8000 clear TX FIFO ptr                         34 80 00
  92.158 SPI  [W][u1u2:360]: + 149 ms  TX PACKET 10 B  (last r7: ch 62 = 2464 MHz, 1 Mbps)
  92.205 SPI  [W][u1u2:365]:           09 5F 18 02 00 0E 80 CF 80 5F
  92.205 SPI  [I][u1u2:371]:           .. .. .. .. .. .. .. .. .. ..  (^^ = differs from previous packet)
  92.205 SPI  [I][u1u2:374]:           byte 0 = length byte 9 -> matches
  92.205 SPI  [I][u1u2:509]: + 149 ms  r7=013E TX_EN ch 62 = 2464 MHz                     07 01 3E
  92.205 SPI  [I][u1u2:492]: + 149 ms  read r48 (status: CRC err/sync/PKT/FIFO)           B0 B0 B0
  92.205 SPI  [I][u1u2:345]:           (same frame x3 more)
  92.205 SPI  [I][u1u2:509]: + 150 ms  r7=004E TX/RX off ch 78 = 2480 MHz                 07 00 4E
  92.205 SPI  [I][u1u2:509]: + 150 ms  r52=8000 clear TX FIFO ptr                         34 80 00
  92.205 SPI  [W][u1u2:360]: + 150 ms  TX PACKET 10 B  (last r7: ch 78 = 2480 MHz, 1 Mbps)
  92.205 SPI  [W][u1u2:365]:           09 5F 18 02 00 0E 80 CF 80 5F
  92.205 SPI  [I][u1u2:371]:           .. .. .. .. .. .. .. .. .. ..  (^^ = differs from previous packet)
  92.205 SPI  [I][u1u2:374]:           byte 0 = length byte 9 -> matches
  92.205 SPI  [I][u1u2:509]: + 150 ms  r7=014E TX_EN ch 78 = 2480 MHz                     07 01 4E
  92.205 SPI  [I][u1u2:492]: + 150 ms  read r48 (status: CRC err/sync/PKT/FIFO)           B0 B0 B0
  92.205 SPI  [I][u1u2:345]:           (same frame x2 more)
  92.205 SPI  [I][u1u2:509]: + 151 ms  r7=0006 TX/RX off ch 6 = 2408 MHz                  07 00 06
  92.205 SPI  [I][u1u2:509]: + 151 ms  r52=8000 clear TX FIFO ptr                         34 80 00
  92.205 SPI  [W][u1u2:360]: + 151 ms  TX PACKET 10 B  (last r7: ch 6 = 2408 MHz, 1 Mbps)
  92.205 SPI  [W][u1u2:365]:           09 5F 18 02 00 0E 80 CF 80 5F
  92.205 SPI  [I][u1u2:371]:           .. .. .. .. .. .. .. .. .. ..  (^^ = differs from previous packet)
  92.205 SPI  [I][u1u2:374]:           byte 0 = length byte 9 -> matches
  92.205 SPI  [I][u1u2:509]: + 151 ms  r7=0106 TX_EN ch 6 = 2408 MHz                      07 01 06
  92.205 SPI  [I][u1u2:492]: + 151 ms  read r48 (status: CRC err/sync/PKT/FIFO)           B0 B0 B0
  92.205 SPI  [I][u1u2:345]:           (same frame x2 more)
  92.205 SPI  [I][u1u2:509]: + 152 ms  r7=001A TX/RX off ch 26 = 2428 MHz                 07 00 1A
  92.205 SPI  [I][u1u2:509]: + 152 ms  r52=8000 clear TX FIFO ptr                         34 80 00
  92.205 SPI  [W][u1u2:360]: + 152 ms  TX PACKET 10 B  (last r7: ch 26 = 2428 MHz, 1 Mbps)
  92.205 SPI  [W][u1u2:365]:           09 5F 18 02 00 0E 80 CF 80 5F
  92.205 SPI  [I][u1u2:371]:           .. .. .. .. .. .. .. .. .. ..  (^^ = differs from previous packet)
  92.205 SPI  [I][u1u2:374]:           byte 0 = length byte 9 -> matches
  92.205 SPI  [I][u1u2:509]: + 153 ms  r7=011A TX_EN ch 26 = 2428 MHz                     07 01 1A
  92.205 SPI  [I][u1u2:492]: + 153 ms  read r48 (status: CRC err/sync/PKT/FIFO)           B0 B0 B0
  92.205 SPI  [I][u1u2:345]:           (same frame x1 more)
  92.205 SPI  [I][u1u2:509]: + 154 ms  r7=004E TX/RX off ch 78 = 2480 MHz                 07 00 4E
  92.205 SPI  [I][u1u2:509]: + 201 ms  r7=0006 TX/RX off ch 6 = 2408 MHz                  07 00 06
  92.205 SPI  [I][u1u2:509]: + 201 ms  r52=8000 clear TX FIFO ptr                         34 80 00
  92.205 SPI  [W][u1u2:360]: + 202 ms  TX PACKET 10 B  (last r7: ch 6 = 2408 MHz, 1 Mbps)
  92.205 SPI  [W][u1u2:365]:           09 5F 18 02 00 0E 80 CF 80 5F
  92.205 SPI  [I][u1u2:371]:           .. .. .. .. .. .. .. .. .. ..  (^^ = differs from previous packet)
  92.205 SPI  [I][u1u2:374]:           byte 0 = length byte 9 -> matches
  92.205 SPI  [I][u1u2:509]: + 202 ms  r7=0106 TX_EN ch 6 = 2408 MHz                      07 01 06
  92.205 SPI  [I][u1u2:492]: + 202 ms  read r48 (status: CRC err/sync/PKT/FIFO)           B0 B0 B0
  92.205 SPI  [I][u1u2:345]:           (same frame x5 more)
  92.205 SPI  [I][u1u2:509]: + 203 ms  r7=001A TX/RX off ch 26 = 2428 MHz                 07 00 1A
  92.205 SPI  [I][u1u2:509]: + 203 ms  r52=8000 clear TX FIFO ptr                         34 80 00
  92.205 SPI  [W][u1u2:360]: + 203 ms  TX PACKET 10 B  (last r7: ch 26 = 2428 MHz, 1 Mbps)
  92.205 SPI  [W][u1u2:365]:           09 5F 18 02 00 0E 80 CF 80 5F
  92.205 SPI  [I][u1u2:371]:           .. .. .. .. .. .. .. .. .. ..  (^^ = differs from previous packet)
  92.250 SPI  [I][u1u2:374]:           byte 0 = length byte 9 -> matches
  92.250 SPI  [I][u1u2:509]: + 203 ms  r7=011A TX_EN ch 26 = 2428 MHz                     07 01 1A
  92.250 SPI  [I][u1u2:492]: + 204 ms  read r48 (status: CRC err/sync/PKT/FIFO)           B0 B0 B0
  92.250 SPI  [I][u1u2:345]:           (same frame x5 more)
  92.250 SPI  [I][u1u2:509]: + 204 ms  r7=003E TX/RX off ch 62 = 2464 MHz                 07 00 3E
  92.250 SPI  [I][u1u2:509]: + 204 ms  r52=8000 clear TX FIFO ptr                         34 80 00
  92.250 SPI  [W][u1u2:360]: + 205 ms  TX PACKET 10 B  (last r7: ch 62 = 2464 MHz, 1 Mbps)
  92.250 SPI  [W][u1u2:365]:           09 5F 18 02 00 0E 80 CF 80 5F
  92.250 SPI  [I][u1u2:371]:           .. .. .. .. .. .. .. .. .. ..  (^^ = differs from previous packet)
  92.250 SPI  [I][u1u2:374]:           byte 0 = length byte 9 -> matches
  92.250 SPI  [I][u1u2:509]: + 205 ms  r7=013E TX_EN ch 62 = 2464 MHz                     07 01 3E
  92.250 SPI  [I][u1u2:492]: + 205 ms  read r48 (status: CRC err/sync/PKT/FIFO)           B0 B0 B0
  92.250 SPI  [I][u1u2:345]:           (same frame x3 more)
  92.250 SPI  [I][u1u2:509]: + 205 ms  r7=004E TX/RX off ch 78 = 2480 MHz                 07 00 4E
  92.250 SPI  [I][u1u2:509]: + 206 ms  r52=8000 clear TX FIFO ptr                         34 80 00
  92.250 SPI  [W][u1u2:360]: + 206 ms  TX PACKET 10 B  (last r7: ch 78 = 2480 MHz, 1 Mbps)
  92.250 SPI  [W][u1u2:365]:           09 5F 18 02 00 0E 80 CF 80 5F
  92.250 SPI  [I][u1u2:371]:           .. .. .. .. .. .. .. .. .. ..  (^^ = differs from previous packet)
  92.250 SPI  [I][u1u2:374]:           byte 0 = length byte 9 -> matches
  92.250 SPI  [I][u1u2:509]: + 206 ms  r7=014E TX_EN ch 78 = 2480 MHz                     07 01 4E
  92.250 SPI  [I][u1u2:492]: + 206 ms  read r48 (status: CRC err/sync/PKT/FIFO)           B0 B0 B0
  92.250 SPI  [I][u1u2:345]:           (same frame x2 more)
  92.250 SPI  [I][u1u2:509]: + 207 ms  r7=0006 TX/RX off ch 6 = 2408 MHz                  07 00 06
  92.250 SPI  [I][u1u2:509]: + 207 ms  r52=8000 clear TX FIFO ptr                         34 80 00
  92.250 SPI  [W][u1u2:360]: + 207 ms  TX PACKET 10 B  (last r7: ch 6 = 2408 MHz, 1 Mbps)
  92.250 SPI  [W][u1u2:365]:           09 5F 18 02 00 0E 80 CF 80 5F
  92.250 SPI  [I][u1u2:371]:           .. .. .. .. .. .. .. .. .. ..  (^^ = differs from previous packet)
  92.250 SPI  [I][u1u2:374]:           byte 0 = length byte 9 -> matches
  92.250 SPI  [I][u1u2:509]: + 207 ms  r7=0106 TX_EN ch 6 = 2408 MHz                      07 01 06
  92.250 SPI  [I][u1u2:492]: + 207 ms  read r48 (status: CRC err/sync/PKT/FIFO)           B0 B0 B0
  92.250 SPI  [I][u1u2:345]:           (same frame x2 more)
  92.250 SPI  [I][u1u2:509]: + 208 ms  r7=001A TX/RX off ch 26 = 2428 MHz                 07 00 1A
  92.250 SPI  [I][u1u2:509]: + 208 ms  r52=8000 clear TX FIFO ptr                         34 80 00
  92.250 SPI  [W][u1u2:360]: + 208 ms  TX PACKET 10 B  (last r7: ch 26 = 2428 MHz, 1 Mbps)
  92.250 SPI  [W][u1u2:365]:           09 5F 18 02 00 0E 80 CF 80 5F
  92.250 SPI  [I][u1u2:371]:           .. .. .. .. .. .. .. .. .. ..  (^^ = differs from previous packet)
  92.250 SPI  [I][u1u2:374]:           byte 0 = length byte 9 -> matches
  92.250 SPI  [I][u1u2:509]: + 208 ms  r7=011A TX_EN ch 26 = 2428 MHz                     07 01 1A
  92.250 SPI  [I][u1u2:492]: + 208 ms  read r48 (status: CRC err/sync/PKT/FIFO)           B0 B0 B0
  92.250 SPI  [I][u1u2:345]:           (same frame x1 more)
  92.250 SPI  [W][u1u2:360]: + 209 ms  TX PACKET 10 B  (last r7: ch 26 = 2428 MHz, 1 Mbps)
  92.250 SPI  [W][u1u2:365]:           09 5F 18 02 00 0E 80 CF 80 5F
  92.250 SPI  [I][u1u2:371]:           .. .. .. .. .. .. .. .. .. ..  (^^ = differs from previous packet)
  92.250 SPI  [I][u1u2:374]:           byte 0 = length byte 9 -> matches
  92.250 SPI  [I][u1u2:509]: + 209 ms  r7=013E TX_EN ch 62 = 2464 MHz                     07 01 3E
  92.250 SPI  [I][u1u2:492]: + 209 ms  read r48 (status: CRC err/sync/PKT/FIFO)           B0 B0 B0
  92.250 SPI  [I][u1u2:435]: ---- quiet: 234 frames, 32 TX packets, 0 FIFO reads, 0 PKT flags ----
  92.354 SPI  [W][u1u2:410]: LT8920 CONFIG  (* = never written by U1, power-up default)
  92.354 SPI  [W][u1u2:421]:     r7=013E TX_EN ch 62 = 2464 MHz
  92.354 SPI  [W][u1u2:421]:   * r44=0100 data rate 1 Mbps
  92.354 SPI  [W][u1u2:421]:   * r45=0080 modem option (0080/0152 = 1 Mbps, 0552 = slower)
  92.354 SPI  [W][u1u2:421]:     r32=4800 preamble 3 B, sync 32 bit, trailer 4 bit, NRZ, no FEC
  92.354 SPI  [W][u1u2:417]:     SYNC WORD r39 r36 = 1982 0516  (32 bit, r36 LSB first on air)
  92.354 SPI  [W][u1u2:421]:     r41=B000 CRC on, scramble off, length byte on, FIFO-empty ends TX on, auto-ack off, flags active-high, CRC seed 00
  92.354 SPI  [W][u1u2:421]:     r35=4300 SLEEP (wakes on SS low), auto-ack retries 3, whitening seed 00
  92.354 SPI  [W][u1u2:421]:     r40=4401 FIFO empty/full thr 8/16, sync bit errors allowed 0
  92.354 SPI  [W][u1u2:421]:     r9=4800 TX power: PA current 4, gain 0
  92.354 SPI  [I][u1u2:429]:   registers written so far: r0 r1 r2 r4 r5 r7 r8 r9 r10 r11 r12 r13 r22 r23 r24 r25 r26 r27 r28 r32 r33 r34 r35 r36 r37 r38 r39 r40 r41 r42 r43 r52
  92.709 NRF  [I][nrf24:436]: Reference framing taken from this press; all packets below are aligned to it.
  92.709 NRF  [W][nrf24:457]: [POWER ] #1  8B 02 C5 8C 4A F9 C2 10 00 70 00 7C 06 FC DA 04 FD | fan 0% | q 91% 7/7
  92.709 NRF  [W][component:421]: interval took a long time for an operation (53 ms), max is 50 ms
  95.147 SPI  [I][u1u2:448]: ---- activity ----
  95.147 SPI  [I][u1u2:509]: +   0 ms  r7=0006 TX/RX off ch 6 = 2408 MHz                  07 00 06
  95.147 SPI  [I][u1u2:509]: +   0 ms  r52=8000 clear TX FIFO ptr                         34 80 00
  95.147 SPI  [W][u1u2:360]: +   0 ms  TX PACKET 10 B  (last r7: ch 6 = 2408 MHz, 1 Mbps)
  95.147 SPI  [W][u1u2:365]:           09 5F 18 02 00 0E 20 CF 80 FF
  95.147 SPI  [I][u1u2:371]:           .. .. .. .. .. .. ^^ .. .. ^^  (^^ = differs from previous packet)
  95.147 SPI  [I][u1u2:374]:           byte 0 = length byte 9 -> matches
  95.147 SPI  [I][u1u2:509]: +   0 ms  r7=0106 TX_EN ch 6 = 2408 MHz                      07 01 06
  95.147 SPI  [I][u1u2:492]: +   1 ms  read r48 (status: CRC err/sync/PKT/FIFO)           B0 B0 B0
  95.147 SPI  [I][u1u2:345]:           (same frame x1 more)
  95.147 SPI  [I][u1u2:509]: +   1 ms  r7=001A TX/RX off ch 26 = 2428 MHz                 07 00 1A
  95.147 SPI  [I][u1u2:509]: +   1 ms  r52=8000 clear TX FIFO ptr                         34 80 00
  95.147 SPI  [W][u1u2:360]: +   1 ms  TX PACKET 10 B  (last r7: ch 26 = 2428 MHz, 1 Mbps)
  95.147 SPI  [W][u1u2:365]:           09 5F 18 02 00 0E 20 CF 80 FF
  95.147 SPI  [I][u1u2:371]:           .. .. .. .. .. .. .. .. .. ..  (^^ = differs from previous packet)
  95.147 SPI  [I][u1u2:374]:           byte 0 = length byte 9 -> matches
  95.147 SPI  [I][u1u2:509]: +   2 ms  r7=011A TX_EN ch 26 = 2428 MHz                     07 01 1A
  95.147 SPI  [I][u1u2:492]: +   2 ms  read r48 (status: CRC err/sync/PKT/FIFO)           B0 B0 B0
  95.147 SPI  [I][u1u2:345]:           (same frame x1 more)
  95.147 SPI  [I][u1u2:509]: +   2 ms  r7=003E TX/RX off ch 62 = 2464 MHz                 07 00 3E
  95.147 SPI  [I][u1u2:509]: +   2 ms  r52=8000 clear TX FIFO ptr                         34 80 00
  95.147 SPI  [W][u1u2:360]: +   3 ms  TX PACKET 10 B  (last r7: ch 62 = 2464 MHz, 1 Mbps)
  95.147 SPI  [W][u1u2:365]:           09 5F 18 02 00 0E 20 CF 80 FF
  95.147 SPI  [I][u1u2:371]:           .. .. .. .. .. .. .. .. .. ..  (^^ = differs from previous packet)
  95.147 SPI  [I][u1u2:374]:           byte 0 = length byte 9 -> matches
  95.147 SPI  [I][u1u2:509]: +   3 ms  r7=013E TX_EN ch 62 = 2464 MHz                     07 01 3E
  95.147 SPI  [I][u1u2:492]: +   3 ms  read r48 (status: CRC err/sync/PKT/FIFO)           B0 B0 B0
  95.147 SPI  [I][u1u2:345]:           (same frame x2 more)
  95.147 SPI  [I][u1u2:509]: +   3 ms  r7=004E TX/RX off ch 78 = 2480 MHz                 07 00 4E
  95.147 SPI  [I][u1u2:509]: +   3 ms  r52=8000 clear TX FIFO ptr                         34 80 00
  95.147 SPI  [W][u1u2:360]: +   4 ms  TX PACKET 10 B  (last r7: ch 78 = 2480 MHz, 1 Mbps)
  95.147 SPI  [W][u1u2:365]:           09 5F 18 02 00 0E 20 CF 80 FF
  95.147 SPI  [I][u1u2:371]:           .. .. .. .. .. .. .. .. .. ..  (^^ = differs from previous packet)
  95.147 SPI  [I][u1u2:374]:           byte 0 = length byte 9 -> matches
  95.147 SPI  [I][u1u2:509]: +   4 ms  r7=014E TX_EN ch 78 = 2480 MHz                     07 01 4E
  95.147 SPI  [I][u1u2:492]: +   4 ms  read r48 (status: CRC err/sync/PKT/FIFO)           B0 B0 B0
  95.147 SPI  [I][u1u2:345]:           (same frame x2 more)
  95.147 SPI  [I][u1u2:509]: +   4 ms  r7=0006 TX/RX off ch 6 = 2408 MHz                  07 00 06
  95.147 SPI  [I][u1u2:509]: +   4 ms  r52=8000 clear TX FIFO ptr                         34 80 00
  95.147 SPI  [W][u1u2:360]: +   5 ms  TX PACKET 10 B  (last r7: ch 6 = 2408 MHz, 1 Mbps)
  95.147 SPI  [W][u1u2:365]:           09 5F 18 02 00 0E 20 CF 80 FF
  95.147 SPI  [I][u1u2:371]:           .. .. .. .. .. .. .. .. .. ..  (^^ = differs from previous packet)
  95.147 SPI  [I][u1u2:374]:           byte 0 = length byte 9 -> matches
  95.147 SPI  [I][u1u2:509]: +   5 ms  r7=0106 TX_EN ch 6 = 2408 MHz                      07 01 06
  95.147 SPI  [I][u1u2:492]: +   5 ms  read r48 (status: CRC err/sync/PKT/FIFO)           B0 B0 B0
  95.194 SPI  [I][u1u2:345]:           (same frame x2 more)
  95.194 SPI  [I][u1u2:509]: +   5 ms  r7=001A TX/RX off ch 26 = 2428 MHz                 07 00 1A
  95.194 SPI  [I][u1u2:509]: +   6 ms  r52=8000 clear TX FIFO ptr                         34 80 00
  95.194 SPI  [W][u1u2:360]: +   6 ms  TX PACKET 10 B  (last r7: ch 26 = 2428 MHz, 1 Mbps)
  95.194 SPI  [W][u1u2:365]:           09 5F 18 02 00 0E 20 CF 80 FF
  95.194 SPI  [I][u1u2:371]:           .. .. .. .. .. .. .. .. .. ..  (^^ = differs from previous packet)
  95.194 SPI  [I][u1u2:374]:           byte 0 = length byte 9 -> matches
  95.194 SPI  [I][u1u2:509]: +   6 ms  r7=011A TX_EN ch 26 = 2428 MHz                     07 01 1A
  95.194 SPI  [I][u1u2:492]: +   6 ms  read r48 (status: CRC err/sync/PKT/FIFO)           B0 B0 B0
  95.194 SPI  [I][u1u2:345]:           (same frame x2 more)
  95.194 SPI  [I][u1u2:509]: +   7 ms  r7=003E TX/RX off ch 62 = 2464 MHz                 07 00 3E
  95.194 SPI  [I][u1u2:509]: +   7 ms  r52=8000 clear TX FIFO ptr                         34 80 00
  95.194 SPI  [W][u1u2:360]: +   7 ms  TX PACKET 10 B  (last r7: ch 62 = 2464 MHz, 1 Mbps)
  95.194 SPI  [W][u1u2:365]:           09 5F 18 02 00 0E 20 CF 80 FF
  95.194 SPI  [I][u1u2:371]:           .. .. .. .. .. .. .. .. .. ..  (^^ = differs from previous packet)
  95.194 SPI  [I][u1u2:374]:           byte 0 = length byte 9 -> matches
  95.194 SPI  [I][u1u2:509]: +   7 ms  r7=013E TX_EN ch 62 = 2464 MHz                     07 01 3E
  95.194 SPI  [I][u1u2:492]: +   7 ms  read r48 (status: CRC err/sync/PKT/FIFO)           B0 B0 B0
  95.194 SPI  [I][u1u2:345]:           (same frame x2 more)
  95.194 SPI  [I][u1u2:509]: +   8 ms  r7=004E TX/RX off ch 78 = 2480 MHz                 07 00 4E
  95.194 SPI  [I][u1u2:509]: +   8 ms  r52=8000 clear TX FIFO ptr                         34 80 00
  95.194 SPI  [W][u1u2:360]: +   8 ms  TX PACKET 10 B  (last r7: ch 78 = 2480 MHz, 1 Mbps)
  95.194 SPI  [W][u1u2:365]:           09 5F 18 02 00 0E 20 CF 80 FF
  95.194 SPI  [I][u1u2:371]:           .. .. .. .. .. .. .. .. .. ..  (^^ = differs from previous packet)
  95.194 SPI  [I][u1u2:374]:           byte 0 = length byte 9 -> matches
  95.194 SPI  [I][u1u2:509]: +   8 ms  r7=014E TX_EN ch 78 = 2480 MHz                     07 01 4E
  95.194 SPI  [I][u1u2:492]: +   8 ms  read r48 (status: CRC err/sync/PKT/FIFO)           B0 B0 B0
  95.194 SPI  [I][u1u2:345]:           (same frame x2 more)
  95.194 SPI  [I][u1u2:509]: +  22 ms  r7=0006 TX/RX off ch 6 = 2408 MHz                  07 00 06
  95.194 SPI  [I][u1u2:509]: +  22 ms  r52=8000 clear TX FIFO ptr                         34 80 00
  95.194 SPI  [W][u1u2:360]: +  22 ms  TX PACKET 10 B  (last r7: ch 6 = 2408 MHz, 1 Mbps)
  95.194 SPI  [W][u1u2:365]:           09 5F 18 02 00 0E 20 CF 80 FF
  95.194 SPI  [I][u1u2:371]:           .. .. .. .. .. .. .. .. .. ..  (^^ = differs from previous packet)
  95.194 SPI  [I][u1u2:374]:           byte 0 = length byte 9 -> matches
  95.194 SPI  [I][u1u2:509]: +  23 ms  r7=0106 TX_EN ch 6 = 2408 MHz                      07 01 06
  95.194 SPI  [I][u1u2:492]: +  23 ms  read r48 (status: CRC err/sync/PKT/FIFO)           B0 B0 B0
  95.194 SPI  [I][u1u2:345]:           (same frame x3 more)
  95.194 SPI  [I][u1u2:509]: +  23 ms  r7=001A TX/RX off ch 26 = 2428 MHz                 07 00 1A
  95.194 SPI  [I][u1u2:509]: +  23 ms  r52=8000 clear TX FIFO ptr                         34 80 00
  95.194 SPI  [W][u1u2:360]: +  24 ms  TX PACKET 10 B  (last r7: ch 26 = 2428 MHz, 1 Mbps)
  95.194 SPI  [W][u1u2:365]:           09 5F 18 02 00 0E 20 CF 80 FF
  95.194 SPI  [I][u1u2:371]:           .. .. .. .. .. .. .. .. .. ..  (^^ = differs from previous packet)
  95.194 SPI  [I][u1u2:374]:           byte 0 = length byte 9 -> matches
  95.194 SPI  [I][u1u2:509]: +  24 ms  r7=011A TX_EN ch 26 = 2428 MHz                     07 01 1A
  95.194 SPI  [I][u1u2:492]: +  24 ms  read r48 (status: CRC err/sync/PKT/FIFO)           B0 B0 B0
  95.194 SPI  [I][u1u2:345]:           (same frame x3 more)
  95.194 SPI  [I][u1u2:509]: +  24 ms  r7=003E TX/RX off ch 62 = 2464 MHz                 07 00 3E
  95.241 SPI  [I][u1u2:509]: +  24 ms  r52=8000 clear TX FIFO ptr                         34 80 00
  95.241 SPI  [I][u1u2:509]: +  26 ms  r7=004E TX/RX off ch 78 = 2480 MHz                 07 00 4E
  95.241 SPI  [I][u1u2:509]: +  26 ms  r52=8000 clear TX FIFO ptr                         34 80 00
  95.241 SPI  [I][u1u2:509]: +  77 ms  r7=0006 TX/RX off ch 6 = 2408 MHz                  07 00 06
  95.241 SPI  [I][u1u2:509]: +  77 ms  r52=8000 clear TX FIFO ptr                         34 80 00
  95.241 SPI  [W][u1u2:360]: +  77 ms  TX PACKET 10 B  (last r7: ch 6 = 2408 MHz, 1 Mbps)
  95.241 SPI  [W][u1u2:365]:           09 5F 18 02 00 0E 20 CF 80 FF
  95.241 SPI  [I][u1u2:371]:           .. .. .. .. .. .. .. .. .. ..  (^^ = differs from previous packet)
  95.241 SPI  [I][u1u2:374]:           byte 0 = length byte 9 -> matches
  95.241 SPI  [I][u1u2:509]: +  78 ms  r7=0106 TX_EN ch 6 = 2408 MHz                      07 01 06
  95.241 SPI  [I][u1u2:492]: +  78 ms  read r48 (status: CRC err/sync/PKT/FIFO)           B0 B0 B0
  95.241 SPI  [I][u1u2:345]:           (same frame x5 more)
  95.241 SPI  [I][u1u2:509]: +  78 ms  r7=001A TX/RX off ch 26 = 2428 MHz                 07 00 1A
  95.241 SPI  [I][u1u2:509]: +  78 ms  r52=8000 clear TX FIFO ptr                         34 80 00
  95.241 SPI  [W][u1u2:360]: +  79 ms  TX PACKET 10 B  (last r7: ch 26 = 2428 MHz, 1 Mbps)
  95.241 SPI  [W][u1u2:365]:           09 5F 18 02 00 0E 20 CF 80 FF
  95.241 SPI  [I][u1u2:371]:           .. .. .. .. .. .. .. .. .. ..  (^^ = differs from previous packet)
  95.241 SPI  [I][u1u2:374]:           byte 0 = length byte 9 -> matches
  95.241 SPI  [I][u1u2:509]: +  79 ms  r7=011A TX_EN ch 26 = 2428 MHz                     07 01 1A
  95.241 SPI  [I][u1u2:492]: +  79 ms  read r48 (status: CRC err/sync/PKT/FIFO)           B0 B0 B0
  95.241 SPI  [I][u1u2:345]:           (same frame x5 more)
  95.241 SPI  [I][u1u2:509]: +  79 ms  r7=003E TX/RX off ch 62 = 2464 MHz                 07 00 3E
  95.241 SPI  [I][u1u2:509]: +  80 ms  r52=8000 clear TX FIFO ptr                         34 80 00
  95.241 SPI  [W][u1u2:360]: +  80 ms  TX PACKET 10 B  (last r7: ch 62 = 2464 MHz, 1 Mbps)
  95.241 SPI  [W][u1u2:365]:           09 5F 18 02 00 0E 20 CF 80 FF
  95.241 SPI  [I][u1u2:371]:           .. .. .. .. .. .. .. .. .. ..  (^^ = differs from previous packet)
  95.241 SPI  [I][u1u2:374]:           byte 0 = length byte 9 -> matches
  95.241 SPI  [I][u1u2:509]: +  80 ms  r7=013E TX_EN ch 62 = 2464 MHz                     07 01 3E
  95.241 SPI  [I][u1u2:492]: +  80 ms  read r48 (status: CRC err/sync/PKT/FIFO)           B0 B0 B0
  95.241 SPI  [I][u1u2:345]:           (same frame x5 more)
  95.241 SPI  [I][u1u2:509]: +  81 ms  r7=004E TX/RX off ch 78 = 2480 MHz                 07 00 4E
  95.241 SPI  [I][u1u2:509]: +  81 ms  r52=8000 clear TX FIFO ptr                         34 80 00
  95.241 SPI  [W][u1u2:360]: +  81 ms  TX PACKET 10 B  (last r7: ch 78 = 2480 MHz, 1 Mbps)
  95.241 SPI  [W][u1u2:365]:           09 5F 18 02 00 0E 20 CF 80 FF
  95.241 SPI  [I][u1u2:371]:           .. .. .. .. .. .. .. .. .. ..  (^^ = differs from previous packet)
  95.241 SPI  [I][u1u2:374]:           byte 0 = length byte 9 -> matches
  95.241 SPI  [I][u1u2:509]: +  81 ms  r7=014E TX_EN ch 78 = 2480 MHz                     07 01 4E
  95.241 SPI  [I][u1u2:492]: +  82 ms  read r48 (status: CRC err/sync/PKT/FIFO)           B0 B0 B0
  95.241 SPI  [I][u1u2:345]:           (same frame x4 more)
  95.241 SPI  [I][u1u2:509]: +  82 ms  r7=0006 TX/RX off ch 6 = 2408 MHz                  07 00 06
  95.241 SPI  [I][u1u2:509]: +  82 ms  r52=8000 clear TX FIFO ptr                         34 80 00
  95.241 SPI  [W][u1u2:360]: +  85 ms  TX PACKET 10 B  (last r7: ch 6 = 2408 MHz, 1 Mbps)
  95.241 SPI  [W][u1u2:365]:           09 5F 18 02 00 0E 20 CF 80 FF
  95.241 SPI  [I][u1u2:371]:           .. .. .. .. .. .. .. .. .. ..  (^^ = differs from previous packet)
  95.241 SPI  [I][u1u2:374]:           byte 0 = length byte 9 -> matches
  95.241 SPI  [I][u1u2:492]: +  86 ms  read r48 (status: CRC err/sync/PKT/FIFO)           B0 B0 B0
  95.241 SPI  [I][u1u2:509]: + 132 ms  r7=0006 TX/RX off ch 6 = 2408 MHz                  07 00 06
  95.289 SPI  [I][u1u2:509]: + 132 ms  r52=8000 clear TX FIFO ptr                         34 80 00
  95.289 SPI  [W][u1u2:360]: + 133 ms  TX PACKET 10 B  (last r7: ch 6 = 2408 MHz, 1 Mbps)
  95.289 SPI  [W][u1u2:365]:           09 5F 18 02 00 0E 20 CF 80 FF
  95.289 SPI  [I][u1u2:371]:           .. .. .. .. .. .. .. .. .. ..  (^^ = differs from previous packet)
  95.289 SPI  [I][u1u2:374]:           byte 0 = length byte 9 -> matches
  95.289 SPI  [I][u1u2:509]: + 133 ms  r7=0106 TX_EN ch 6 = 2408 MHz                      07 01 06
  95.289 SPI  [I][u1u2:492]: + 133 ms  read r48 (status: CRC err/sync/PKT/FIFO)           B0 B0 B0
  95.289 SPI  [I][u1u2:345]:           (same frame x1 more)
  95.289 SPI  [I][u1u2:509]: + 133 ms  r7=001A TX/RX off ch 26 = 2428 MHz                 07 00 1A
  95.289 SPI  [I][u1u2:509]: + 134 ms  r52=8000 clear TX FIFO ptr                         34 80 00
  95.289 SPI  [W][u1u2:360]: + 134 ms  TX PACKET 10 B  (last r7: ch 26 = 2428 MHz, 1 Mbps)
  95.289 SPI  [W][u1u2:365]:           09 5F 18 02 00 0E 20 CF 80 FF
  95.289 SPI  [I][u1u2:371]:           .. .. .. .. .. .. .. .. .. ..  (^^ = differs from previous packet)
  95.289 SPI  [I][u1u2:374]:           byte 0 = length byte 9 -> matches
  95.289 SPI  [I][u1u2:509]: + 134 ms  r7=011A TX_EN ch 26 = 2428 MHz                     07 01 1A
  95.289 SPI  [I][u1u2:492]: + 134 ms  read r48 (status: CRC err/sync/PKT/FIFO)           B0 B0 B0
  95.289 SPI  [I][u1u2:345]:           (same frame x1 more)
  95.289 SPI  [I][u1u2:509]: + 135 ms  r7=003E TX/RX off ch 62 = 2464 MHz                 07 00 3E
  95.289 SPI  [I][u1u2:509]: + 135 ms  r52=8000 clear TX FIFO ptr                         34 80 00
  95.289 SPI  [W][u1u2:360]: + 135 ms  TX PACKET 10 B  (last r7: ch 62 = 2464 MHz, 1 Mbps)
  95.289 SPI  [W][u1u2:365]:           09 5F 18 02 00 0E 20 CF 80 FF
  95.289 SPI  [I][u1u2:371]:           .. .. .. .. .. .. .. .. .. ..  (^^ = differs from previous packet)
  95.289 SPI  [I][u1u2:374]:           byte 0 = length byte 9 -> matches
  95.289 SPI  [I][u1u2:509]: + 135 ms  r7=013E TX_EN ch 62 = 2464 MHz                     07 01 3E
  95.289 SPI  [I][u1u2:492]: + 135 ms  read r48 (status: CRC err/sync/PKT/FIFO)           B0 B0 B0
  95.289 SPI  [I][u1u2:345]:           (same frame x2 more)
  95.289 SPI  [I][u1u2:509]: + 136 ms  r7=004E TX/RX off ch 78 = 2480 MHz                 07 00 4E
  95.289 SPI  [I][u1u2:509]: + 136 ms  r52=8000 clear TX FIFO ptr                         34 80 00
  95.289 SPI  [W][u1u2:360]: + 136 ms  TX PACKET 10 B  (last r7: ch 78 = 2480 MHz, 1 Mbps)
  95.289 SPI  [W][u1u2:365]:           09 5F 18 02 00 0E 20 CF 80 FF
  95.289 SPI  [I][u1u2:371]:           .. .. .. .. .. .. .. .. .. ..  (^^ = differs from previous packet)
  95.289 SPI  [I][u1u2:374]:           byte 0 = length byte 9 -> matches
  95.289 SPI  [I][u1u2:509]: + 136 ms  r7=014E TX_EN ch 78 = 2480 MHz                     07 01 4E
  95.289 SPI  [I][u1u2:492]: + 136 ms  read r48 (status: CRC err/sync/PKT/FIFO)           B0 B0 B0
  95.289 SPI  [I][u1u2:345]:           (same frame x2 more)
  95.289 SPI  [I][u1u2:509]: + 137 ms  r7=0006 TX/RX off ch 6 = 2408 MHz                  07 00 06
  95.289 SPI  [I][u1u2:509]: + 137 ms  r52=8000 clear TX FIFO ptr                         34 80 00
  95.289 SPI  [W][u1u2:360]: + 137 ms  TX PACKET 10 B  (last r7: ch 6 = 2408 MHz, 1 Mbps)
  95.289 SPI  [W][u1u2:365]:           09 5F 18 02 00 0E 20 CF 80 FF
  95.289 SPI  [I][u1u2:371]:           .. .. .. .. .. .. .. .. .. ..  (^^ = differs from previous packet)
  95.289 SPI  [I][u1u2:374]:           byte 0 = length byte 9 -> matches
  95.289 SPI  [I][u1u2:509]: + 137 ms  r7=0106 TX_EN ch 6 = 2408 MHz                      07 01 06
  95.289 SPI  [I][u1u2:492]: + 137 ms  read r48 (status: CRC err/sync/PKT/FIFO)           B0 B0 B0
  95.289 SPI  [I][u1u2:345]:           (same frame x2 more)
  95.289 SPI  [I][u1u2:509]: + 138 ms  r7=001A TX/RX off ch 26 = 2428 MHz                 07 00 1A
  95.289 SPI  [I][u1u2:509]: + 138 ms  r52=8000 clear TX FIFO ptr                         34 80 00
  95.289 SPI  [W][u1u2:360]: + 138 ms  TX PACKET 10 B  (last r7: ch 26 = 2428 MHz, 1 Mbps)
  95.334 SPI  [W][u1u2:365]:           09 5F 18 02 00 0E 20 CF 80 FF
  95.334 SPI  [I][u1u2:371]:           .. .. .. .. .. .. .. .. .. ..  (^^ = differs from previous packet)
  95.334 SPI  [I][u1u2:374]:           byte 0 = length byte 9 -> matches
  95.334 SPI  [I][u1u2:509]: + 138 ms  r7=011A TX_EN ch 26 = 2428 MHz                     07 01 1A
  95.334 SPI  [I][u1u2:492]: + 138 ms  read r48 (status: CRC err/sync/PKT/FIFO)           B0 B0 B0
  95.334 SPI  [I][u1u2:345]:           (same frame x2 more)
  95.334 SPI  [I][u1u2:509]: + 139 ms  r7=003E TX/RX off ch 62 = 2464 MHz                 07 00 3E
  95.334 SPI  [I][u1u2:509]: + 139 ms  r52=8000 clear TX FIFO ptr                         34 80 00
  95.334 SPI  [W][u1u2:360]: + 139 ms  TX PACKET 10 B  (last r7: ch 62 = 2464 MHz, 1 Mbps)
  95.334 SPI  [W][u1u2:365]:           09 5F 18 02 00 0E 20 CF 80 FF
  95.334 SPI  [I][u1u2:371]:           .. .. .. .. .. .. .. .. .. ..  (^^ = differs from previous packet)
  95.334 SPI  [I][u1u2:374]:           byte 0 = length byte 9 -> matches
  95.334 SPI  [I][u1u2:509]: + 139 ms  r7=013E TX_EN ch 62 = 2464 MHz                     07 01 3E
  95.334 SPI  [I][u1u2:492]: + 139 ms  read r48 (status: CRC err/sync/PKT/FIFO)           B0 B0 B0
  95.334 SPI  [I][u1u2:345]:           (same frame x2 more)
  95.334 SPI  [I][u1u2:509]: + 140 ms  r7=004E TX/RX off ch 78 = 2480 MHz                 07 00 4E
  95.334 SPI  [I][u1u2:509]: + 140 ms  r52=8000 clear TX FIFO ptr                         34 80 00
  95.334 SPI  [W][u1u2:360]: + 140 ms  TX PACKET 10 B  (last r7: ch 78 = 2480 MHz, 1 Mbps)
  95.334 SPI  [W][u1u2:365]:           09 5F 18 02 00 0E 20 CF 80 FF
  95.334 SPI  [I][u1u2:371]:           .. .. .. .. .. .. .. .. .. ..  (^^ = differs from previous packet)
  95.334 SPI  [I][u1u2:374]:           byte 0 = length byte 9 -> matches
  95.334 SPI  [I][u1u2:509]: + 141 ms  r7=014E TX_EN ch 78 = 2480 MHz                     07 01 4E
  95.334 SPI  [I][u1u2:492]: + 141 ms  read r48 (status: CRC err/sync/PKT/FIFO)           B0 B0 B0
  95.334 SPI  [I][u1u2:345]:           (same frame x2 more)
  95.334 SPI  [I][u1u2:509]: + 187 ms  r7=0006 TX/RX off ch 6 = 2408 MHz                  07 00 06
  95.334 SPI  [I][u1u2:509]: + 187 ms  r52=8000 clear TX FIFO ptr                         34 80 00
  95.334 SPI  [W][u1u2:360]: + 187 ms  TX PACKET 10 B  (last r7: ch 6 = 2408 MHz, 1 Mbps)
  95.334 SPI  [W][u1u2:365]:           09 5F 18 02 00 0E 20 CF 80 FF
  95.334 SPI  [I][u1u2:371]:           .. .. .. .. .. .. .. .. .. ..  (^^ = differs from previous packet)
  95.334 SPI  [I][u1u2:374]:           byte 0 = length byte 9 -> matches
  95.334 SPI  [I][u1u2:509]: + 188 ms  r7=0106 TX_EN ch 6 = 2408 MHz                      07 01 06
  95.334 SPI  [I][u1u2:492]: + 188 ms  read r48 (status: CRC err/sync/PKT/FIFO)           B0 B0 B0
  95.334 SPI  [I][u1u2:345]:           (same frame x5 more)
  95.334 SPI  [I][u1u2:509]: + 188 ms  r7=001A TX/RX off ch 26 = 2428 MHz                 07 00 1A
  95.334 SPI  [I][u1u2:509]: + 188 ms  r52=8000 clear TX FIFO ptr                         34 80 00
  95.334 SPI  [W][u1u2:360]: + 189 ms  TX PACKET 10 B  (last r7: ch 26 = 2428 MHz, 1 Mbps)
  95.334 SPI  [W][u1u2:365]:           09 5F 18 02 00 0E 20 CF 80 FF
  95.334 SPI  [I][u1u2:371]:           .. .. .. .. .. .. .. .. .. ..  (^^ = differs from previous packet)
  95.334 SPI  [I][u1u2:374]:           byte 0 = length byte 9 -> matches
  95.334 SPI  [I][u1u2:509]: + 189 ms  r7=011A TX_EN ch 26 = 2428 MHz                     07 01 1A
  95.334 SPI  [I][u1u2:492]: + 189 ms  read r48 (status: CRC err/sync/PKT/FIFO)           B0 B0 B0
  95.334 SPI  [I][u1u2:345]:           (same frame x5 more)
  95.334 SPI  [I][u1u2:509]: + 190 ms  r7=003E TX/RX off ch 62 = 2464 MHz                 07 00 3E
  95.334 SPI  [I][u1u2:509]: + 190 ms  r52=8000 clear TX FIFO ptr                         34 80 00
  95.334 SPI  [W][u1u2:360]: + 190 ms  TX PACKET 10 B  (last r7: ch 62 = 2464 MHz, 1 Mbps)
  95.334 SPI  [W][u1u2:365]:           09 5F 18 02 00 0E 20 CF 80 FF
  95.334 SPI  [I][u1u2:371]:           .. .. .. .. .. .. .. .. .. ..  (^^ = differs from previous packet)
  95.334 SPI  [I][u1u2:374]:           byte 0 = length byte 9 -> matches
  95.439 SPI  [I][u1u2:509]: + 190 ms  r7=013E TX_EN ch 62 = 2464 MHz                     07 01 3E
  95.439 SPI  [I][u1u2:492]: + 190 ms  read r48 (status: CRC err/sync/PKT/FIFO)           B0 B0 B0
  95.439 SPI  [I][u1u2:345]:           (same frame x5 more)
  95.439 SPI  [I][u1u2:509]: + 191 ms  r7=004E TX/RX off ch 78 = 2480 MHz                 07 00 4E
  95.439 SPI  [I][u1u2:509]: + 191 ms  r52=8000 clear TX FIFO ptr                         34 80 00
  95.439 SPI  [W][u1u2:360]: + 192 ms  TX PACKET 10 B  (last r7: ch 78 = 2480 MHz, 1 Mbps)
  95.439 SPI  [W][u1u2:365]:           09 5F 18 02 00 0E 20 CF 80 FF
  95.439 SPI  [I][u1u2:371]:           .. .. .. .. .. .. .. .. .. ..  (^^ = differs from previous packet)
  95.439 SPI  [I][u1u2:374]:           byte 0 = length byte 9 -> matches
  95.439 SPI  [I][u1u2:509]: + 192 ms  r7=014E TX_EN ch 78 = 2480 MHz                     07 01 4E
  95.439 SPI  [I][u1u2:492]: + 192 ms  read r48 (status: CRC err/sync/PKT/FIFO)           B0 B0 B0
  95.439 SPI  [I][u1u2:345]:           (same frame x3 more)
  95.439 SPI  [I][u1u2:509]: + 192 ms  r7=0006 TX/RX off ch 6 = 2408 MHz                  07 00 06
  95.439 SPI  [I][u1u2:509]: + 192 ms  r52=8000 clear TX FIFO ptr                         34 80 00
  95.439 SPI  [I][u1u2:492]: + 194 ms  read r48 (status: CRC err/sync/PKT/FIFO)           B0 B0 B0
  95.439 SPI  [I][u1u2:345]:           (same frame x2 more)
  95.439 SPI  [I][u1u2:509]: + 196 ms  r7=004E TX/RX off ch 78 = 2480 MHz                 07 00 4E
  95.439 SPI  [I][u1u2:435]: ---- quiet: 215 frames, 27 TX packets, 0 FIFO reads, 0 PKT flags ----
  95.439 SPI  [W][u1u2:410]: LT8920 CONFIG  (* = never written by U1, power-up default)
  95.439 SPI  [W][u1u2:421]:     r7=004E TX/RX off ch 78 = 2480 MHz
  95.439 SPI  [W][u1u2:421]:   * r44=0100 data rate 1 Mbps
  95.439 SPI  [W][u1u2:421]:   * r45=0080 modem option (0080/0152 = 1 Mbps, 0552 = slower)
  95.439 SPI  [W][u1u2:421]:     r32=4800 preamble 3 B, sync 32 bit, trailer 4 bit, NRZ, no FEC
  95.439 SPI  [W][u1u2:417]:     SYNC WORD r39 r36 = 1982 0516  (32 bit, r36 LSB first on air)
  95.439 SPI  [W][u1u2:421]:     r41=B000 CRC on, scramble off, length byte on, FIFO-empty ends TX on, auto-ack off, flags active-high, CRC seed 00
  95.439 SPI  [W][u1u2:421]:     r35=4300 SLEEP (wakes on SS low), auto-ack retries 3, whitening seed 00
  95.439 SPI  [W][u1u2:421]:     r40=4401 FIFO empty/full thr 8/16, sync bit errors allowed 0
  95.439 SPI  [W][u1u2:421]:     r9=4800 TX power: PA current 4, gain 0
  95.439 SPI  [I][u1u2:429]:   registers written so far: r0 r1 r2 r4 r5 r7 r8 r9 r10 r11 r12 r13 r22 r23 r24 r25 r26 r27 r28 r32 r33 r34 r35 r36 r37 r38 r39 r40 r41 r42 r43 r52
  95.823 NRF  [W][nrf24:457]: [POWER ] #2  8B 02 C1 8C 4A F8 C2 10 00 70 00 79 16 FC 67 35 FD | fan 20% | q 93% 8/8
  95.823 NRF  [I][nrf24:480]:          vs #1:  b2 C5>C1  b5 F9>F8  b11 7C>79  b12 06>16  b14 DA>67  b15 04>35
  95.823 NRF  [W][component:421]: interval took a long time for an operation (69 ms), max is 60 ms
  97.823 SPI  [I][u1u2:448]: ---- activity ----
  97.823 SPI  [I][u1u2:509]: +   0 ms  r7=0006 TX/RX off ch 6 = 2408 MHz                  07 00 06
  97.823 SPI  [I][u1u2:509]: +   0 ms  r52=8000 clear TX FIFO ptr                         34 80 00
  97.824 SPI  [W][u1u2:360]: +   1 ms  TX PACKET 10 B  (last r7: ch 6 = 2408 MHz, 1 Mbps)
  97.824 SPI  [W][u1u2:365]:           09 5F 18 02 00 0E 80 CF 80 5F
  97.824 SPI  [I][u1u2:371]:           .. .. .. .. .. .. ^^ .. .. ^^  (^^ = differs from previous packet)
  97.824 SPI  [I][u1u2:374]:           byte 0 = length byte 9 -> matches
  97.824 SPI  [I][u1u2:509]: +   1 ms  r7=0106 TX_EN ch 6 = 2408 MHz                      07 01 06
  97.824 SPI  [I][u1u2:492]: +   1 ms  read r48 (status: CRC err/sync/PKT/FIFO)           B0 B0 B0
  97.824 SPI  [I][u1u2:345]:           (same frame x5 more)
  97.824 SPI  [I][u1u2:509]: +   2 ms  r7=001A TX/RX off ch 26 = 2428 MHz                 07 00 1A
  97.824 SPI  [I][u1u2:509]: +   2 ms  r52=8000 clear TX FIFO ptr                         34 80 00
  97.824 SPI  [W][u1u2:360]: +   2 ms  TX PACKET 10 B  (last r7: ch 26 = 2428 MHz, 1 Mbps)
  97.824 SPI  [W][u1u2:365]:           09 5F 18 02 00 0E 80 CF 80 5F
  97.824 SPI  [I][u1u2:371]:           .. .. .. .. .. .. .. .. .. ..  (^^ = differs from previous packet)
  97.824 SPI  [I][u1u2:374]:           byte 0 = length byte 9 -> matches
  97.824 SPI  [I][u1u2:509]: +   2 ms  r7=011A TX_EN ch 26 = 2428 MHz                     07 01 1A
  97.824 SPI  [I][u1u2:492]: +   2 ms  read r48 (status: CRC err/sync/PKT/FIFO)           B0 B0 B0
  97.824 SPI  [I][u1u2:345]:           (same frame x5 more)
  97.824 SPI  [I][u1u2:509]: +   3 ms  r7=003E TX/RX off ch 62 = 2464 MHz                 07 00 3E
  97.824 SPI  [I][u1u2:509]: +   3 ms  r52=8000 clear TX FIFO ptr                         34 80 00
  97.824 SPI  [W][u1u2:360]: +   3 ms  TX PACKET 10 B  (last r7: ch 62 = 2464 MHz, 1 Mbps)
  97.824 SPI  [W][u1u2:365]:           09 5F 18 02 00 0E 80 CF 80 5F
  97.824 SPI  [I][u1u2:371]:           .. .. .. .. .. .. .. .. .. ..  (^^ = differs from previous packet)
  97.824 SPI  [I][u1u2:374]:           byte 0 = length byte 9 -> matches
  97.824 SPI  [I][u1u2:509]: +   4 ms  r7=013E TX_EN ch 62 = 2464 MHz                     07 01 3E
  97.824 SPI  [I][u1u2:492]: +   4 ms  read r48 (status: CRC err/sync/PKT/FIFO)           B0 B0 B0
  97.824 SPI  [I][u1u2:345]:           (same frame x5 more)
  97.824 SPI  [I][u1u2:509]: +   4 ms  r7=004E TX/RX off ch 78 = 2480 MHz                 07 00 4E
  97.824 SPI  [I][u1u2:509]: +   4 ms  r52=8000 clear TX FIFO ptr                         34 80 00
  97.824 SPI  [W][u1u2:360]: +   5 ms  TX PACKET 10 B  (last r7: ch 78 = 2480 MHz, 1 Mbps)
  97.824 SPI  [W][u1u2:365]:           09 5F 18 02 00 0E 80 CF 80 5F
  97.824 SPI  [I][u1u2:371]:           .. .. .. .. .. .. .. .. .. ..  (^^ = differs from previous packet)
  97.824 SPI  [I][u1u2:374]:           byte 0 = length byte 9 -> matches
  97.824 SPI  [I][u1u2:509]: +   5 ms  r7=014E TX_EN ch 78 = 2480 MHz                     07 01 4E
  97.824 SPI  [I][u1u2:492]: +   5 ms  read r48 (status: CRC err/sync/PKT/FIFO)           B0 B0 B0
  97.824 SPI  [I][u1u2:345]:           (same frame x3 more)
  97.824 SPI  [I][u1u2:509]: +   6 ms  r7=0006 TX/RX off ch 6 = 2408 MHz                  07 00 06
  97.824 SPI  [I][u1u2:509]: +   6 ms  r52=8000 clear TX FIFO ptr                         34 80 00
  97.824 SPI  [W][u1u2:360]: +   6 ms  TX PACKET 10 B  (last r7: ch 6 = 2408 MHz, 1 Mbps)
  97.824 SPI  [W][u1u2:365]:           09 5F 18 02 00 0E 80 CF 80 5F
  97.871 SPI  [I][u1u2:371]:           .. .. .. .. .. .. .. .. .. ..  (^^ = differs from previous packet)
  97.871 SPI  [I][u1u2:374]:           byte 0 = length byte 9 -> matches
  97.871 SPI  [I][u1u2:509]: +   6 ms  r7=0106 TX_EN ch 6 = 2408 MHz                      07 01 06
  97.871 SPI  [I][u1u2:492]: +   6 ms  read r48 (status: CRC err/sync/PKT/FIFO)           B0 B0 B0
  97.871 SPI  [I][u1u2:345]:           (same frame x2 more)
  97.871 SPI  [I][u1u2:509]: +   7 ms  r7=001A TX/RX off ch 26 = 2428 MHz                 07 00 1A
  97.871 SPI  [I][u1u2:509]: +   7 ms  r52=8000 clear TX FIFO ptr                         34 80 00
  97.871 SPI  [W][u1u2:360]: +   7 ms  TX PACKET 10 B  (last r7: ch 26 = 2428 MHz, 1 Mbps)
  97.871 SPI  [W][u1u2:365]:           09 5F 18 02 00 0E 80 CF 80 5F
  97.871 SPI  [I][u1u2:371]:           .. .. .. .. .. .. .. .. .. ..  (^^ = differs from previous packet)
  97.871 SPI  [I][u1u2:374]:           byte 0 = length byte 9 -> matches
  97.871 SPI  [I][u1u2:509]: +   7 ms  r7=011A TX_EN ch 26 = 2428 MHz                     07 01 1A
  97.871 SPI  [I][u1u2:492]: +   7 ms  read r48 (status: CRC err/sync/PKT/FIFO)           B0 B0 B0
  97.871 SPI  [I][u1u2:345]:           (same frame x2 more)
  97.871 SPI  [I][u1u2:509]: +   8 ms  r7=003E TX/RX off ch 62 = 2464 MHz                 07 00 3E
  97.871 SPI  [I][u1u2:509]: +   8 ms  r52=8000 clear TX FIFO ptr                         34 80 00
  97.871 SPI  [W][u1u2:360]: +   8 ms  TX PACKET 10 B  (last r7: ch 62 = 2464 MHz, 1 Mbps)
  97.871 SPI  [W][u1u2:365]:           09 5F 18 02 00 0E 80 CF 80 5F
  97.871 SPI  [I][u1u2:371]:           .. .. .. .. .. .. .. .. .. ..  (^^ = differs from previous packet)
  97.871 SPI  [I][u1u2:374]:           byte 0 = length byte 9 -> matches
  97.871 SPI  [I][u1u2:509]: +   8 ms  r7=013E TX_EN ch 62 = 2464 MHz                     07 01 3E
  97.871 SPI  [I][u1u2:492]: +   8 ms  read r48 (status: CRC err/sync/PKT/FIFO)           B0 B0 B0
  97.871 SPI  [I][u1u2:345]:           (same frame x2 more)
  97.871 SPI  [I][u1u2:509]: +   9 ms  r7=004E TX/RX off ch 78 = 2480 MHz                 07 00 4E
  97.871 SPI  [I][u1u2:509]: +   9 ms  r52=8000 clear TX FIFO ptr                         34 80 00
  97.871 SPI  [W][u1u2:360]: +   9 ms  TX PACKET 10 B  (last r7: ch 78 = 2480 MHz, 1 Mbps)
  97.871 SPI  [W][u1u2:365]:           09 5F 18 02 00 0E 80 CF 80 5F
  97.871 SPI  [I][u1u2:371]:           .. .. .. .. .. .. .. .. .. ..  (^^ = differs from previous packet)
  97.871 SPI  [I][u1u2:374]:           byte 0 = length byte 9 -> matches
  97.871 SPI  [I][u1u2:509]: +   9 ms  r7=014E TX_EN ch 78 = 2480 MHz                     07 01 4E
  97.871 SPI  [I][u1u2:492]: +   9 ms  read r48 (status: CRC err/sync/PKT/FIFO)           B0 B0 B0
  97.871 SPI  [I][u1u2:509]: +  17 ms  r7=0006 TX/RX off ch 6 = 2408 MHz                  07 00 06
  97.871 SPI  [I][u1u2:509]: +  17 ms  r52=8000 clear TX FIFO ptr                         34 80 00
  97.871 SPI  [W][u1u2:360]: +  17 ms  TX PACKET 10 B  (last r7: ch 6 = 2408 MHz, 1 Mbps)
  97.871 SPI  [W][u1u2:365]:           09 5F 18 02 00 0E 80 CF 80 5F
  97.871 SPI  [I][u1u2:371]:           .. .. .. .. .. .. .. .. .. ..  (^^ = differs from previous packet)
  97.871 SPI  [I][u1u2:374]:           byte 0 = length byte 9 -> matches
  97.871 SPI  [I][u1u2:509]: +  17 ms  r7=0106 TX_EN ch 6 = 2408 MHz                      07 01 06
  97.871 SPI  [I][u1u2:492]: +  23 ms  read r48 (status: CRC err/sync/PKT/FIFO)           B0 B0 B0
  97.871 SPI  [I][u1u2:509]: +  25 ms  r52=8000 clear TX FIFO ptr                         34 80 00
  97.871 SPI  [W][u1u2:360]: +  25 ms  TX PACKET 10 B  (last r7: ch 6 = 2408 MHz, 1 Mbps)
  97.871 SPI  [W][u1u2:365]:           09 5F 18 02 00 0E 80 CF 80 5F
  97.871 SPI  [I][u1u2:371]:           .. .. .. .. .. .. .. .. .. ..  (^^ = differs from previous packet)
  97.871 SPI  [I][u1u2:374]:           byte 0 = length byte 9 -> matches
  97.871 SPI  [I][u1u2:509]: +  25 ms  r7=014E TX_EN ch 78 = 2480 MHz                     07 01 4E
  97.871 SPI  [I][u1u2:492]: +  25 ms  read r48 (status: CRC err/sync/PKT/FIFO)           B0 B0 B0
  97.871 SPI  [I][u1u2:345]:           (same frame x2 more)
  97.918 SPI  [I][u1u2:509]: +  65 ms  r7=0006 TX/RX off ch 6 = 2408 MHz                  07 00 06
  97.918 SPI  [I][u1u2:509]: +  65 ms  r52=8000 clear TX FIFO ptr                         34 80 00
  97.918 SPI  [W][u1u2:360]: +  66 ms  TX PACKET 10 B  (last r7: ch 6 = 2408 MHz, 1 Mbps)
  97.918 SPI  [W][u1u2:365]:           09 5F 18 02 00 0E 80 CF 80 5F
  97.918 SPI  [I][u1u2:371]:           .. .. .. .. .. .. .. .. .. ..  (^^ = differs from previous packet)
  97.918 SPI  [I][u1u2:374]:           byte 0 = length byte 9 -> matches
  97.918 SPI  [I][u1u2:509]: +  66 ms  r7=0106 TX_EN ch 6 = 2408 MHz                      07 01 06
  97.918 SPI  [I][u1u2:492]: +  66 ms  read r48 (status: CRC err/sync/PKT/FIFO)           B0 B0 B0
  97.918 SPI  [I][u1u2:345]:           (same frame x5 more)
  97.918 SPI  [I][u1u2:509]: +  67 ms  r7=001A TX/RX off ch 26 = 2428 MHz                 07 00 1A
  97.918 SPI  [I][u1u2:509]: +  67 ms  r52=8000 clear TX FIFO ptr                         34 80 00
  97.918 SPI  [W][u1u2:360]: +  67 ms  TX PACKET 10 B  (last r7: ch 26 = 2428 MHz, 1 Mbps)
  97.918 SPI  [W][u1u2:365]:           09 5F 18 02 00 0E 80 CF 80 5F
  97.918 SPI  [I][u1u2:371]:           .. .. .. .. .. .. .. .. .. ..  (^^ = differs from previous packet)
  97.918 SPI  [I][u1u2:374]:           byte 0 = length byte 9 -> matches
  97.918 SPI  [I][u1u2:509]: +  67 ms  r7=011A TX_EN ch 26 = 2428 MHz                     07 01 1A
  97.918 SPI  [I][u1u2:492]: +  67 ms  read r48 (status: CRC err/sync/PKT/FIFO)           B0 B0 B0
  97.918 SPI  [I][u1u2:345]:           (same frame x4 more)
  97.918 SPI  [I][u1u2:509]: +  68 ms  r7=003E TX/RX off ch 62 = 2464 MHz                 07 00 3E
  97.918 SPI  [I][u1u2:509]: +  68 ms  r52=8000 clear TX FIFO ptr                         34 80 00
  97.918 SPI  [W][u1u2:360]: +  68 ms  TX PACKET 10 B  (last r7: ch 62 = 2464 MHz, 1 Mbps)
  97.918 SPI  [W][u1u2:365]:           09 5F 18 02 00 0E 80 CF 80 5F
  97.918 SPI  [I][u1u2:371]:           .. .. .. .. .. .. .. .. .. ..  (^^ = differs from previous packet)
  97.918 SPI  [I][u1u2:374]:           byte 0 = length byte 9 -> matches
  97.918 SPI  [I][u1u2:509]: +  68 ms  r7=013E TX_EN ch 62 = 2464 MHz                     07 01 3E
  97.918 SPI  [I][u1u2:492]: +  68 ms  read r48 (status: CRC err/sync/PKT/FIFO)           B0 B0 B0
  97.918 SPI  [I][u1u2:345]:           (same frame x2 more)
  97.918 SPI  [I][u1u2:509]: +  69 ms  r7=004E TX/RX off ch 78 = 2480 MHz                 07 00 4E
  97.918 SPI  [I][u1u2:509]: +  69 ms  r52=8000 clear TX FIFO ptr                         34 80 00
  97.918 SPI  [W][u1u2:360]: +  69 ms  TX PACKET 10 B  (last r7: ch 78 = 2480 MHz, 1 Mbps)
  97.918 SPI  [W][u1u2:365]:           09 5F 18 02 00 0E 80 CF 80 5F
  97.918 SPI  [I][u1u2:371]:           .. .. .. .. .. .. .. .. .. ..  (^^ = differs from previous packet)
  97.918 SPI  [I][u1u2:374]:           byte 0 = length byte 9 -> matches
  97.918 SPI  [I][u1u2:509]: +  69 ms  r7=014E TX_EN ch 78 = 2480 MHz                     07 01 4E
  97.918 SPI  [I][u1u2:492]: +  70 ms  read r48 (status: CRC err/sync/PKT/FIFO)           B0 B0 B0
  97.918 SPI  [I][u1u2:345]:           (same frame x2 more)
  97.918 SPI  [I][u1u2:509]: +  70 ms  r7=0006 TX/RX off ch 6 = 2408 MHz                  07 00 06
  97.918 SPI  [I][u1u2:509]: +  70 ms  r52=8000 clear TX FIFO ptr                         34 80 00
  97.918 SPI  [W][u1u2:360]: +  70 ms  TX PACKET 10 B  (last r7: ch 6 = 2408 MHz, 1 Mbps)
  97.918 SPI  [W][u1u2:365]:           09 5F 18 02 00 0E 80 CF 80 5F
  97.918 SPI  [I][u1u2:371]:           .. .. .. .. .. .. .. .. .. ..  (^^ = differs from previous packet)
  97.918 SPI  [I][u1u2:374]:           byte 0 = length byte 9 -> matches
  97.918 SPI  [I][u1u2:509]: +  71 ms  r7=0106 TX_EN ch 6 = 2408 MHz                      07 01 06
  97.918 SPI  [I][u1u2:492]: +  71 ms  read r48 (status: CRC err/sync/PKT/FIFO)           B0 B0 B0
  97.918 SPI  [I][u1u2:345]:           (same frame x2 more)
  97.918 SPI  [I][u1u2:509]: +  71 ms  r7=001A TX/RX off ch 26 = 2428 MHz                 07 00 1A
  97.918 SPI  [I][u1u2:509]: +  71 ms  r52=8000 clear TX FIFO ptr                         34 80 00
  97.965 SPI  [W][u1u2:360]: +  72 ms  TX PACKET 10 B  (last r7: ch 26 = 2428 MHz, 1 Mbps)
  97.965 SPI  [W][u1u2:365]:           09 5F 18 02 00 0E 80 CF 80 5F
  97.965 SPI  [I][u1u2:371]:           .. .. .. .. .. .. .. .. .. ..  (^^ = differs from previous packet)
  97.965 SPI  [I][u1u2:374]:           byte 0 = length byte 9 -> matches
  97.965 SPI  [I][u1u2:492]: +  72 ms  read r48 (status: CRC err/sync/PKT/FIFO)           B0 B0 B0
  97.965 SPI  [I][u1u2:345]:           (same frame x1 more)
  97.965 SPI  [I][u1u2:509]: + 121 ms  r7=0006 TX/RX off ch 6 = 2408 MHz                  07 00 06
  97.965 SPI  [I][u1u2:509]: + 121 ms  r52=8000 clear TX FIFO ptr                         34 80 00
  97.965 SPI  [W][u1u2:360]: + 121 ms  TX PACKET 10 B  (last r7: ch 6 = 2408 MHz, 1 Mbps)
  97.965 SPI  [W][u1u2:365]:           09 5F 18 02 00 0E 80 CF 80 5F
  97.965 SPI  [I][u1u2:371]:           .. .. .. .. .. .. .. .. .. ..  (^^ = differs from previous packet)
  97.965 SPI  [I][u1u2:374]:           byte 0 = length byte 9 -> matches
  97.965 SPI  [I][u1u2:509]: + 121 ms  r7=0106 TX_EN ch 6 = 2408 MHz                      07 01 06
  97.965 SPI  [I][u1u2:492]: + 121 ms  read r48 (status: CRC err/sync/PKT/FIFO)           B0 B0 B0
  97.965 SPI  [I][u1u2:345]:           (same frame x5 more)
  97.965 SPI  [I][u1u2:509]: + 122 ms  r7=001A TX/RX off ch 26 = 2428 MHz                 07 00 1A
  97.965 SPI  [I][u1u2:509]: + 122 ms  r52=8000 clear TX FIFO ptr                         34 80 00
  97.965 SPI  [W][u1u2:360]: + 123 ms  TX PACKET 10 B  (last r7: ch 26 = 2428 MHz, 1 Mbps)
  97.965 SPI  [W][u1u2:365]:           09 5F 18 02 00 0E 80 CF 80 5F
  97.965 SPI  [I][u1u2:371]:           .. .. .. .. .. .. .. .. .. ..  (^^ = differs from previous packet)
  97.965 SPI  [I][u1u2:374]:           byte 0 = length byte 9 -> matches
  97.965 SPI  [I][u1u2:509]: + 123 ms  r7=011A TX_EN ch 26 = 2428 MHz                     07 01 1A
  97.965 SPI  [I][u1u2:492]: + 123 ms  read r48 (status: CRC err/sync/PKT/FIFO)           B0 B0 B0
  97.965 SPI  [I][u1u2:345]:           (same frame x5 more)
  97.965 SPI  [I][u1u2:509]: + 123 ms  r7=003E TX/RX off ch 62 = 2464 MHz                 07 00 3E
  97.965 SPI  [I][u1u2:509]: + 124 ms  r52=8000 clear TX FIFO ptr                         34 80 00
  97.965 SPI  [W][u1u2:360]: + 124 ms  TX PACKET 10 B  (last r7: ch 62 = 2464 MHz, 1 Mbps)
  97.965 SPI  [W][u1u2:365]:           09 5F 18 02 00 0E 80 CF 80 5F
  97.965 SPI  [I][u1u2:371]:           .. .. .. .. .. .. .. .. .. ..  (^^ = differs from previous packet)
  97.965 SPI  [I][u1u2:374]:           byte 0 = length byte 9 -> matches
  97.965 SPI  [I][u1u2:509]: + 124 ms  r7=013E TX_EN ch 62 = 2464 MHz                     07 01 3E
  97.965 SPI  [I][u1u2:492]: + 124 ms  read r48 (status: CRC err/sync/PKT/FIFO)           B0 B0 B0
  97.965 SPI  [I][u1u2:345]:           (same frame x2 more)
  97.965 SPI  [I][u1u2:509]: + 125 ms  r7=004E TX/RX off ch 78 = 2480 MHz                 07 00 4E
  97.965 SPI  [I][u1u2:509]: + 125 ms  r52=8000 clear TX FIFO ptr                         34 80 00
  97.965 SPI  [W][u1u2:360]: + 125 ms  TX PACKET 10 B  (last r7: ch 78 = 2480 MHz, 1 Mbps)
  97.965 SPI  [W][u1u2:365]:           09 5F 18 02 00 0E 80 CF 80 5F
  97.965 SPI  [I][u1u2:371]:           .. .. .. .. .. .. .. .. .. ..  (^^ = differs from previous packet)
  97.965 SPI  [I][u1u2:374]:           byte 0 = length byte 9 -> matches
  97.965 SPI  [I][u1u2:509]: + 125 ms  r7=014E TX_EN ch 78 = 2480 MHz                     07 01 4E
  97.965 SPI  [I][u1u2:492]: + 125 ms  read r48 (status: CRC err/sync/PKT/FIFO)           B0 B0 B0
  97.965 SPI  [I][u1u2:345]:           (same frame x2 more)
  97.965 SPI  [I][u1u2:509]: + 126 ms  r7=0006 TX/RX off ch 6 = 2408 MHz                  07 00 06
  97.965 SPI  [I][u1u2:509]: + 126 ms  r52=8000 clear TX FIFO ptr                         34 80 00
  97.965 SPI  [W][u1u2:360]: + 126 ms  TX PACKET 10 B  (last r7: ch 6 = 2408 MHz, 1 Mbps)
  97.965 SPI  [W][u1u2:365]:           09 5F 18 02 00 0E 80 CF 80 5F
  97.965 SPI  [I][u1u2:371]:           .. .. .. .. .. .. .. .. .. ..  (^^ = differs from previous packet)
  98.010 SPI  [I][u1u2:374]:           byte 0 = length byte 9 -> matches
  98.010 SPI  [I][u1u2:509]: + 126 ms  r7=0106 TX_EN ch 6 = 2408 MHz                      07 01 06
  98.010 SPI  [I][u1u2:492]: + 126 ms  read r48 (status: CRC err/sync/PKT/FIFO)           B0 B0 B0
  98.010 SPI  [I][u1u2:345]:           (same frame x2 more)
  98.010 SPI  [I][u1u2:509]: + 127 ms  r7=001A TX/RX off ch 26 = 2428 MHz                 07 00 1A
  98.010 SPI  [I][u1u2:492]: + 128 ms  read r48 (status: CRC err/sync/PKT/FIFO)           B0 B0 B0
  98.010 SPI  [I][u1u2:509]: + 129 ms  r52=8000 clear TX FIFO ptr                         34 80 00
  98.010 SPI  [W][u1u2:360]: + 129 ms  TX PACKET 10 B  (last r7: ch 26 = 2428 MHz, 1 Mbps)
  98.010 SPI  [W][u1u2:365]:           09 5F 18 02 00 0E 80 CF 80 5F
  98.010 SPI  [I][u1u2:371]:           .. .. .. .. .. .. .. .. .. ..  (^^ = differs from previous packet)
  98.010 SPI  [I][u1u2:374]:           byte 0 = length byte 9 -> matches
  98.010 SPI  [I][u1u2:509]: + 129 ms  r7=014E TX_EN ch 78 = 2480 MHz                     07 01 4E
  98.010 SPI  [I][u1u2:509]: + 176 ms  r7=0006 TX/RX off ch 6 = 2408 MHz                  07 00 06
  98.010 SPI  [I][u1u2:509]: + 176 ms  r52=8000 clear TX FIFO ptr                         34 80 00
  98.010 SPI  [W][u1u2:360]: + 177 ms  TX PACKET 10 B  (last r7: ch 6 = 2408 MHz, 1 Mbps)
  98.010 SPI  [W][u1u2:365]:           09 5F 18 02 00 0E 80 CF 80 5F
  98.010 SPI  [I][u1u2:371]:           .. .. .. .. .. .. .. .. .. ..  (^^ = differs from previous packet)
  98.010 SPI  [I][u1u2:374]:           byte 0 = length byte 9 -> matches
  98.010 SPI  [I][u1u2:509]: + 177 ms  r7=0106 TX_EN ch 6 = 2408 MHz                      07 01 06
  98.010 SPI  [I][u1u2:492]: + 177 ms  read r48 (status: CRC err/sync/PKT/FIFO)           B0 B0 B0
  98.010 SPI  [I][u1u2:345]:           (same frame x5 more)
  98.010 SPI  [I][u1u2:509]: + 177 ms  r7=001A TX/RX off ch 26 = 2428 MHz                 07 00 1A
  98.010 SPI  [I][u1u2:509]: + 178 ms  r52=8000 clear TX FIFO ptr                         34 80 00
  98.010 SPI  [W][u1u2:360]: + 178 ms  TX PACKET 10 B  (last r7: ch 26 = 2428 MHz, 1 Mbps)
  98.010 SPI  [W][u1u2:365]:           09 5F 18 02 00 0E 80 CF 80 5F
  98.010 SPI  [I][u1u2:371]:           .. .. .. .. .. .. .. .. .. ..  (^^ = differs from previous packet)
  98.010 SPI  [I][u1u2:374]:           byte 0 = length byte 9 -> matches
  98.010 SPI  [I][u1u2:509]: + 178 ms  r7=011A TX_EN ch 26 = 2428 MHz                     07 01 1A
  98.010 SPI  [I][u1u2:492]: + 178 ms  read r48 (status: CRC err/sync/PKT/FIFO)           B0 B0 B0
  98.010 SPI  [I][u1u2:345]:           (same frame x5 more)
  98.010 SPI  [I][u1u2:509]: + 179 ms  r7=003E TX/RX off ch 62 = 2464 MHz                 07 00 3E
  98.010 SPI  [I][u1u2:509]: + 179 ms  r52=8000 clear TX FIFO ptr                         34 80 00
  98.010 SPI  [W][u1u2:360]: + 179 ms  TX PACKET 10 B  (last r7: ch 62 = 2464 MHz, 1 Mbps)
  98.010 SPI  [W][u1u2:365]:           09 5F 18 02 00 0E 80 CF 80 5F
  98.010 SPI  [I][u1u2:371]:           .. .. .. .. .. .. .. .. .. ..  (^^ = differs from previous packet)
  98.010 SPI  [I][u1u2:374]:           byte 0 = length byte 9 -> matches
  98.010 SPI  [I][u1u2:509]: + 179 ms  r7=013E TX_EN ch 62 = 2464 MHz                     07 01 3E
  98.010 SPI  [I][u1u2:492]: + 180 ms  read r48 (status: CRC err/sync/PKT/FIFO)           B0 B0 B0
  98.010 SPI  [I][u1u2:345]:           (same frame x3 more)
  98.010 SPI  [I][u1u2:509]: + 180 ms  r7=004E TX/RX off ch 78 = 2480 MHz                 07 00 4E
  98.010 SPI  [I][u1u2:509]: + 180 ms  r52=8000 clear TX FIFO ptr                         34 80 00
  98.010 SPI  [W][u1u2:360]: + 181 ms  TX PACKET 10 B  (last r7: ch 78 = 2480 MHz, 1 Mbps)
  98.010 SPI  [W][u1u2:365]:           09 5F 18 02 00 0E 80 CF 80 5F
  98.010 SPI  [I][u1u2:371]:           .. .. .. .. .. .. .. .. .. ..  (^^ = differs from previous packet)
  98.010 SPI  [I][u1u2:374]:           byte 0 = length byte 9 -> matches
  98.010 SPI  [I][u1u2:509]: + 181 ms  r7=014E TX_EN ch 78 = 2480 MHz                     07 01 4E
  98.010 SPI  [I][u1u2:492]: + 181 ms  read r48 (status: CRC err/sync/PKT/FIFO)           B0 B0 B0
  98.010 SPI  [I][u1u2:345]:           (same frame x2 more)
  98.115 SPI  [I][u1u2:509]: + 181 ms  r7=0006 TX/RX off ch 6 = 2408 MHz                  07 00 06
  98.115 SPI  [I][u1u2:509]: + 181 ms  r52=8000 clear TX FIFO ptr                         34 80 00
  98.115 SPI  [W][u1u2:360]: + 182 ms  TX PACKET 10 B  (last r7: ch 6 = 2408 MHz, 1 Mbps)
  98.115 SPI  [W][u1u2:365]:           09 5F 18 02 00 0E 80 CF 80 5F
  98.115 SPI  [I][u1u2:371]:           .. .. .. .. .. .. .. .. .. ..  (^^ = differs from previous packet)
  98.115 SPI  [I][u1u2:374]:           byte 0 = length byte 9 -> matches
  98.115 SPI  [I][u1u2:509]: + 182 ms  r7=0106 TX_EN ch 6 = 2408 MHz                      07 01 06
  98.115 SPI  [I][u1u2:492]: + 182 ms  read r48 (status: CRC err/sync/PKT/FIFO)           B0 B0 B0
  98.115 SPI  [I][u1u2:345]:           (same frame x2 more)
  98.115 SPI  [I][u1u2:509]: + 182 ms  r7=001A TX/RX off ch 26 = 2428 MHz                 07 00 1A
  98.115 SPI  [I][u1u2:509]: + 182 ms  r52=8000 clear TX FIFO ptr                         34 80 00
  98.115 SPI  [W][u1u2:360]: + 183 ms  TX PACKET 10 B  (last r7: ch 26 = 2428 MHz, 1 Mbps)
  98.115 SPI  [W][u1u2:365]:           09 5F 18 02 00 0E 80 CF 80 5F
  98.115 SPI  [I][u1u2:371]:           .. .. .. .. .. .. .. .. .. ..  (^^ = differs from previous packet)
  98.115 SPI  [I][u1u2:374]:           byte 0 = length byte 9 -> matches
  98.115 SPI  [I][u1u2:509]: + 183 ms  r7=011A TX_EN ch 26 = 2428 MHz                     07 01 1A
  98.115 SPI  [I][u1u2:492]: + 183 ms  read r48 (status: CRC err/sync/PKT/FIFO)           B0 B0 B0
  98.115 SPI  [I][u1u2:345]:           (same frame x1 more)
  98.115 SPI  [I][u1u2:509]: + 185 ms  r7=004E TX/RX off ch 78 = 2480 MHz                 07 00 4E
  98.115 SPI  [I][u1u2:435]: ---- quiet: 215 frames, 28 TX packets, 0 FIFO reads, 0 PKT flags ----
  98.503 NRF  [W][nrf24:457]: [POWER ] #3  8B 02 C5 8C 4A F8 C2 10 00 70 00 7C 06 FC DA 0C FD | fan 0% | q 92% 8/8
  98.503 NRF  [I][nrf24:480]:          vs #2:  b2 C1>C5  b11 79>7C  b12 16>06  b14 67>DA  b15 35>0C
 100.557 SPI  [I][u1u2:448]: ---- activity ----
 100.557 SPI  [I][u1u2:509]: +   0 ms  r7=0006 TX/RX off ch 6 = 2408 MHz                  07 00 06
 100.557 SPI  [I][u1u2:509]: +   0 ms  r52=8000 clear TX FIFO ptr                         34 80 00
 100.557 SPI  [W][u1u2:360]: +   0 ms  TX PACKET 10 B  (last r7: ch 6 = 2408 MHz, 1 Mbps)
 100.557 SPI  [W][u1u2:365]:           09 5F 18 02 00 0E 20 CF 80 FF
 100.557 SPI  [I][u1u2:371]:           .. .. .. .. .. .. ^^ .. .. ^^  (^^ = differs from previous packet)
 100.557 SPI  [I][u1u2:374]:           byte 0 = length byte 9 -> matches
 100.557 SPI  [I][u1u2:509]: +   1 ms  r7=0106 TX_EN ch 6 = 2408 MHz                      07 01 06
 100.557 SPI  [I][u1u2:492]: +   1 ms  read r48 (status: CRC err/sync/PKT/FIFO)           B0 B0 B0
 100.557 SPI  [I][u1u2:345]:           (same frame x1 more)
 100.557 SPI  [I][u1u2:509]: +   1 ms  r7=001A TX/RX off ch 26 = 2428 MHz                 07 00 1A
 100.557 SPI  [I][u1u2:509]: +   1 ms  r52=8000 clear TX FIFO ptr                         34 80 00
 100.557 SPI  [W][u1u2:360]: +   2 ms  TX PACKET 10 B  (last r7: ch 26 = 2428 MHz, 1 Mbps)
 100.557 SPI  [W][u1u2:365]:           09 5F 18 02 00 0E 20 CF 80 FF
 100.557 SPI  [I][u1u2:371]:           .. .. .. .. .. .. .. .. .. ..  (^^ = differs from previous packet)
 100.557 SPI  [I][u1u2:374]:           byte 0 = length byte 9 -> matches
 100.557 SPI  [I][u1u2:509]: +   2 ms  r7=011A TX_EN ch 26 = 2428 MHz                     07 01 1A
 100.557 SPI  [I][u1u2:492]: +   2 ms  read r48 (status: CRC err/sync/PKT/FIFO)           B0 B0 B0
 100.557 SPI  [I][u1u2:345]:           (same frame x2 more)
 100.557 SPI  [I][u1u2:509]: +   2 ms  r7=003E TX/RX off ch 62 = 2464 MHz                 07 00 3E
 100.557 SPI  [I][u1u2:509]: +   2 ms  r52=8000 clear TX FIFO ptr                         34 80 00
 100.557 SPI  [W][u1u2:360]: +   3 ms  TX PACKET 10 B  (last r7: ch 62 = 2464 MHz, 1 Mbps)
 100.557 SPI  [W][u1u2:365]:           09 5F 18 02 00 0E 20 CF 80 FF
 100.557 SPI  [I][u1u2:371]:           .. .. .. .. .. .. .. .. .. ..  (^^ = differs from previous packet)
 100.557 SPI  [I][u1u2:374]:           byte 0 = length byte 9 -> matches
 100.557 SPI  [I][u1u2:509]: +   3 ms  r7=013E TX_EN ch 62 = 2464 MHz                     07 01 3E
 100.557 SPI  [I][u1u2:492]: +   3 ms  read r48 (status: CRC err/sync/PKT/FIFO)           B0 B0 B0
 100.557 SPI  [I][u1u2:345]:           (same frame x2 more)
 100.557 SPI  [I][u1u2:509]: +   3 ms  r7=004E TX/RX off ch 78 = 2480 MHz                 07 00 4E
 100.557 SPI  [I][u1u2:509]: +   3 ms  r52=8000 clear TX FIFO ptr                         34 80 00
 100.557 SPI  [W][u1u2:360]: +   4 ms  TX PACKET 10 B  (last r7: ch 78 = 2480 MHz, 1 Mbps)
 100.557 SPI  [W][u1u2:365]:           09 5F 18 02 00 0E 20 CF 80 FF
 100.557 SPI  [I][u1u2:371]:           .. .. .. .. .. .. .. .. .. ..  (^^ = differs from previous packet)
 100.557 SPI  [I][u1u2:374]:           byte 0 = length byte 9 -> matches
 100.557 SPI  [I][u1u2:509]: +   4 ms  r7=014E TX_EN ch 78 = 2480 MHz                     07 01 4E
 100.557 SPI  [I][u1u2:492]: +   4 ms  read r48 (status: CRC err/sync/PKT/FIFO)           B0 B0 B0
 100.557 SPI  [I][u1u2:345]:           (same frame x2 more)
 100.557 SPI  [I][u1u2:509]: +   4 ms  r7=0006 TX/RX off ch 6 = 2408 MHz                  07 00 06
 100.557 SPI  [I][u1u2:509]: +   5 ms  r52=8000 clear TX FIFO ptr                         34 80 00
 100.557 SPI  [W][u1u2:360]: +   5 ms  TX PACKET 10 B  (last r7: ch 6 = 2408 MHz, 1 Mbps)
 100.557 SPI  [W][u1u2:365]:           09 5F 18 02 00 0E 20 CF 80 FF
 100.557 SPI  [I][u1u2:371]:           .. .. .. .. .. .. .. .. .. ..  (^^ = differs from previous packet)
 100.557 SPI  [I][u1u2:374]:           byte 0 = length byte 9 -> matches
 100.557 SPI  [I][u1u2:509]: +   5 ms  r7=0106 TX_EN ch 6 = 2408 MHz                      07 01 06
 100.557 SPI  [I][u1u2:492]: +   5 ms  read r48 (status: CRC err/sync/PKT/FIFO)           B0 B0 B0
 100.557 SPI  [I][u1u2:345]:           (same frame x2 more)
 100.557 SPI  [I][u1u2:509]: +   6 ms  r7=001A TX/RX off ch 26 = 2428 MHz                 07 00 1A
 100.604 SPI  [I][u1u2:509]: +   6 ms  r52=8000 clear TX FIFO ptr                         34 80 00
 100.604 SPI  [W][u1u2:360]: +   6 ms  TX PACKET 10 B  (last r7: ch 26 = 2428 MHz, 1 Mbps)
 100.604 SPI  [W][u1u2:365]:           09 5F 18 02 00 0E 20 CF 80 FF
 100.604 SPI  [I][u1u2:371]:           .. .. .. .. .. .. .. .. .. ..  (^^ = differs from previous packet)
 100.604 SPI  [I][u1u2:374]:           byte 0 = length byte 9 -> matches
 100.604 SPI  [I][u1u2:509]: +   6 ms  r7=011A TX_EN ch 26 = 2428 MHz                     07 01 1A
 100.604 SPI  [I][u1u2:492]: +   6 ms  read r48 (status: CRC err/sync/PKT/FIFO)           B0 B0 B0
 100.604 SPI  [I][u1u2:345]:           (same frame x2 more)
 100.604 SPI  [I][u1u2:509]: +   7 ms  r7=003E TX/RX off ch 62 = 2464 MHz                 07 00 3E
 100.604 SPI  [I][u1u2:509]: +   7 ms  r52=8000 clear TX FIFO ptr                         34 80 00
 100.604 SPI  [W][u1u2:360]: +   7 ms  TX PACKET 10 B  (last r7: ch 62 = 2464 MHz, 1 Mbps)
 100.604 SPI  [W][u1u2:365]:           09 5F 18 02 00 0E 20 CF 80 FF
 100.604 SPI  [I][u1u2:371]:           .. .. .. .. .. .. .. .. .. ..  (^^ = differs from previous packet)
 100.604 SPI  [I][u1u2:374]:           byte 0 = length byte 9 -> matches
 100.604 SPI  [I][u1u2:509]: +   7 ms  r7=013E TX_EN ch 62 = 2464 MHz                     07 01 3E
 100.604 SPI  [I][u1u2:492]: +   7 ms  read r48 (status: CRC err/sync/PKT/FIFO)           B0 B0 B0
 100.604 SPI  [I][u1u2:345]:           (same frame x2 more)
 100.604 SPI  [I][u1u2:509]: +   8 ms  r7=004E TX/RX off ch 78 = 2480 MHz                 07 00 4E
 100.604 SPI  [I][u1u2:509]: +   8 ms  r52=8000 clear TX FIFO ptr                         34 80 00
 100.604 SPI  [W][u1u2:360]: +   8 ms  TX PACKET 10 B  (last r7: ch 78 = 2480 MHz, 1 Mbps)
 100.604 SPI  [W][u1u2:365]:           09 5F 18 02 00 0E 20 CF 80 FF
 100.604 SPI  [I][u1u2:371]:           .. .. .. .. .. .. .. .. .. ..  (^^ = differs from previous packet)
 100.604 SPI  [I][u1u2:374]:           byte 0 = length byte 9 -> matches
 100.604 SPI  [I][u1u2:509]: +   8 ms  r7=014E TX_EN ch 78 = 2480 MHz                     07 01 4E
 100.604 SPI  [I][u1u2:492]: +   8 ms  read r48 (status: CRC err/sync/PKT/FIFO)           B0 B0 B0
 100.604 SPI  [I][u1u2:345]:           (same frame x2 more)
 100.604 SPI  [I][u1u2:509]: +  48 ms  r7=0006 TX/RX off ch 6 = 2408 MHz                  07 00 06
 100.604 SPI  [I][u1u2:509]: +  48 ms  r52=8000 clear TX FIFO ptr                         34 80 00
 100.604 SPI  [W][u1u2:360]: +  49 ms  TX PACKET 10 B  (last r7: ch 6 = 2408 MHz, 1 Mbps)
 100.604 SPI  [W][u1u2:365]:           09 5F 18 02 00 0E 20 CF 80 FF
 100.604 SPI  [I][u1u2:371]:           .. .. .. .. .. .. .. .. .. ..  (^^ = differs from previous packet)
 100.604 SPI  [I][u1u2:374]:           byte 0 = length byte 9 -> matches
 100.604 SPI  [I][u1u2:509]: +  49 ms  r7=0106 TX_EN ch 6 = 2408 MHz                      07 01 06
 100.604 SPI  [I][u1u2:492]: +  49 ms  read r48 (status: CRC err/sync/PKT/FIFO)           B0 B0 B0
 100.604 SPI  [I][u1u2:345]:           (same frame x5 more)
 100.604 SPI  [I][u1u2:509]: +  49 ms  r7=001A TX/RX off ch 26 = 2428 MHz                 07 00 1A
 100.604 SPI  [I][u1u2:509]: +  50 ms  r52=8000 clear TX FIFO ptr                         34 80 00
 100.604 SPI  [W][u1u2:360]: +  50 ms  TX PACKET 10 B  (last r7: ch 26 = 2428 MHz, 1 Mbps)
 100.604 SPI  [W][u1u2:365]:           09 5F 18 02 00 0E 20 CF 80 FF
 100.604 SPI  [I][u1u2:371]:           .. .. .. .. .. .. .. .. .. ..  (^^ = differs from previous packet)
 100.604 SPI  [I][u1u2:374]:           byte 0 = length byte 9 -> matches
 100.604 SPI  [I][u1u2:509]: +  50 ms  r7=011A TX_EN ch 26 = 2428 MHz                     07 01 1A
 100.604 SPI  [I][u1u2:492]: +  50 ms  read r48 (status: CRC err/sync/PKT/FIFO)           B0 B0 B0
 100.604 SPI  [I][u1u2:345]:           (same frame x5 more)
 100.604 SPI  [I][u1u2:509]: +  51 ms  r7=003E TX/RX off ch 62 = 2464 MHz                 07 00 3E
 100.604 SPI  [I][u1u2:509]: +  51 ms  r52=8000 clear TX FIFO ptr                         34 80 00
 100.604 SPI  [W][u1u2:360]: +  51 ms  TX PACKET 10 B  (last r7: ch 62 = 2464 MHz, 1 Mbps)
 100.604 SPI  [W][u1u2:365]:           09 5F 18 02 00 0E 20 CF 80 FF
 100.651 SPI  [I][u1u2:371]:           .. .. .. .. .. .. .. .. .. ..  (^^ = differs from previous packet)
 100.651 SPI  [I][u1u2:374]:           byte 0 = length byte 9 -> matches
 100.652 SPI  [I][u1u2:509]: +  52 ms  r7=013E TX_EN ch 62 = 2464 MHz                     07 01 3E
 100.652 SPI  [I][u1u2:492]: +  52 ms  read r48 (status: CRC err/sync/PKT/FIFO)           B0 B0 B0
 100.652 SPI  [I][u1u2:345]:           (same frame x4 more)
 100.652 SPI  [I][u1u2:509]: +  52 ms  r7=004E TX/RX off ch 78 = 2480 MHz                 07 00 4E
 100.652 SPI  [I][u1u2:509]: +  52 ms  r52=8000 clear TX FIFO ptr                         34 80 00
 100.652 SPI  [W][u1u2:360]: +  53 ms  TX PACKET 10 B  (last r7: ch 78 = 2480 MHz, 1 Mbps)
 100.652 SPI  [W][u1u2:365]:           09 5F 18 02 00 0E 20 CF 80 FF
 100.652 SPI  [I][u1u2:371]:           .. .. .. .. .. .. .. .. .. ..  (^^ = differs from previous packet)
 100.652 SPI  [I][u1u2:374]:           byte 0 = length byte 9 -> matches
 100.652 SPI  [I][u1u2:509]: +  53 ms  r7=014E TX_EN ch 78 = 2480 MHz                     07 01 4E
 100.652 SPI  [I][u1u2:492]: +  53 ms  read r48 (status: CRC err/sync/PKT/FIFO)           B0 B0 B0
 100.652 SPI  [I][u1u2:345]:           (same frame x2 more)
 100.652 SPI  [I][u1u2:509]: +  53 ms  r7=0006 TX/RX off ch 6 = 2408 MHz                  07 00 06
 100.652 SPI  [I][u1u2:509]: +  53 ms  r52=8000 clear TX FIFO ptr                         34 80 00
 100.652 SPI  [W][u1u2:360]: +  54 ms  TX PACKET 10 B  (last r7: ch 6 = 2408 MHz, 1 Mbps)
 100.652 SPI  [W][u1u2:365]:           09 5F 18 02 00 0E 20 CF 80 FF
 100.652 SPI  [I][u1u2:371]:           .. .. .. .. .. .. .. .. .. ..  (^^ = differs from previous packet)
 100.652 SPI  [I][u1u2:374]:           byte 0 = length byte 9 -> matches
 100.652 SPI  [I][u1u2:509]: +  54 ms  r7=0106 TX_EN ch 6 = 2408 MHz                      07 01 06
 100.652 SPI  [I][u1u2:492]: +  54 ms  read r48 (status: CRC err/sync/PKT/FIFO)           B0 B0 B0
 100.652 SPI  [I][u1u2:345]:           (same frame x2 more)
 100.652 SPI  [I][u1u2:509]: +  54 ms  r7=001A TX/RX off ch 26 = 2428 MHz                 07 00 1A
 100.652 SPI  [I][u1u2:509]: +  55 ms  r52=8000 clear TX FIFO ptr                         34 80 00
 100.652 SPI  [W][u1u2:360]: +  55 ms  TX PACKET 10 B  (last r7: ch 26 = 2428 MHz, 1 Mbps)
 100.652 SPI  [W][u1u2:365]:           09 5F 18 02 00 0E 20 CF 80 FF
 100.652 SPI  [I][u1u2:371]:           .. .. .. .. .. .. .. .. .. ..  (^^ = differs from previous packet)
 100.652 SPI  [I][u1u2:374]:           byte 0 = length byte 9 -> matches
 100.652 SPI  [I][u1u2:509]: +  55 ms  r7=011A TX_EN ch 26 = 2428 MHz                     07 01 1A
 100.652 SPI  [W][u1u2:360]: +  56 ms  TX PACKET 10 B  (last r7: ch 26 = 2428 MHz, 1 Mbps)
 100.652 SPI  [W][u1u2:365]:           09 5F 18 02 00 0E 20 CF 80 FF
 100.652 SPI  [I][u1u2:371]:           .. .. .. .. .. .. .. .. .. ..  (^^ = differs from previous packet)
 100.652 SPI  [I][u1u2:374]:           byte 0 = length byte 9 -> matches
 100.652 SPI  [I][u1u2:492]: +  58 ms  read r48 (status: CRC err/sync/PKT/FIFO)           B0 B0 B0
 100.652 SPI  [I][u1u2:509]: + 104 ms  r7=0006 TX/RX off ch 6 = 2408 MHz                  07 00 06
 100.652 SPI  [I][u1u2:509]: + 104 ms  r52=8000 clear TX FIFO ptr                         34 80 00
 100.652 SPI  [W][u1u2:360]: + 104 ms  TX PACKET 10 B  (last r7: ch 6 = 2408 MHz, 1 Mbps)
 100.652 SPI  [W][u1u2:365]:           09 5F 18 02 00 0E 20 CF 80 FF
 100.652 SPI  [I][u1u2:371]:           .. .. .. .. .. .. .. .. .. ..  (^^ = differs from previous packet)
 100.652 SPI  [I][u1u2:374]:           byte 0 = length byte 9 -> matches
 100.652 SPI  [I][u1u2:509]: + 104 ms  r7=0106 TX_EN ch 6 = 2408 MHz                      07 01 06
 100.652 SPI  [I][u1u2:492]: + 104 ms  read r48 (status: CRC err/sync/PKT/FIFO)           B0 B0 B0
 100.652 SPI  [I][u1u2:345]:           (same frame x5 more)
 100.652 SPI  [I][u1u2:509]: + 105 ms  r7=001A TX/RX off ch 26 = 2428 MHz                 07 00 1A
 100.652 SPI  [I][u1u2:509]: + 105 ms  r52=8000 clear TX FIFO ptr                         34 80 00
 100.652 SPI  [W][u1u2:360]: + 106 ms  TX PACKET 10 B  (last r7: ch 26 = 2428 MHz, 1 Mbps)
 100.699 SPI  [W][u1u2:365]:           09 5F 18 02 00 0E 20 CF 80 FF
 100.699 SPI  [I][u1u2:371]:           .. .. .. .. .. .. .. .. .. ..  (^^ = differs from previous packet)
 100.699 SPI  [I][u1u2:374]:           byte 0 = length byte 9 -> matches
 100.699 SPI  [I][u1u2:509]: + 106 ms  r7=011A TX_EN ch 26 = 2428 MHz                     07 01 1A
 100.699 SPI  [I][u1u2:492]: + 106 ms  read r48 (status: CRC err/sync/PKT/FIFO)           B0 B0 B0
 100.699 SPI  [I][u1u2:345]:           (same frame x5 more)
 100.699 SPI  [I][u1u2:509]: + 106 ms  r7=003E TX/RX off ch 62 = 2464 MHz                 07 00 3E
 100.699 SPI  [I][u1u2:509]: + 107 ms  r52=8000 clear TX FIFO ptr                         34 80 00
 100.699 SPI  [W][u1u2:360]: + 107 ms  TX PACKET 10 B  (last r7: ch 62 = 2464 MHz, 1 Mbps)
 100.699 SPI  [W][u1u2:365]:           09 5F 18 02 00 0E 20 CF 80 FF
 100.699 SPI  [I][u1u2:371]:           .. .. .. .. .. .. .. .. .. ..  (^^ = differs from previous packet)
 100.699 SPI  [I][u1u2:374]:           byte 0 = length byte 9 -> matches
 100.699 SPI  [I][u1u2:509]: + 107 ms  r7=013E TX_EN ch 62 = 2464 MHz                     07 01 3E
 100.699 SPI  [I][u1u2:492]: + 107 ms  read r48 (status: CRC err/sync/PKT/FIFO)           B0 B0 B0
 100.699 SPI  [I][u1u2:345]:           (same frame x5 more)
 100.699 SPI  [I][u1u2:509]: + 108 ms  r7=004E TX/RX off ch 78 = 2480 MHz                 07 00 4E
 100.699 SPI  [I][u1u2:509]: + 108 ms  r52=8000 clear TX FIFO ptr                         34 80 00
 100.699 SPI  [W][u1u2:360]: + 108 ms  TX PACKET 10 B  (last r7: ch 78 = 2480 MHz, 1 Mbps)
 100.699 SPI  [W][u1u2:365]:           09 5F 18 02 00 0E 20 CF 80 FF
 100.699 SPI  [I][u1u2:371]:           .. .. .. .. .. .. .. .. .. ..  (^^ = differs from previous packet)
 100.699 SPI  [I][u1u2:374]:           byte 0 = length byte 9 -> matches
 100.699 SPI  [I][u1u2:509]: + 108 ms  r7=014E TX_EN ch 78 = 2480 MHz                     07 01 4E
 100.699 SPI  [I][u1u2:492]: + 108 ms  read r48 (status: CRC err/sync/PKT/FIFO)           B0 B0 B0
 100.699 SPI  [I][u1u2:345]:           (same frame x3 more)
 100.699 SPI  [I][u1u2:509]: + 109 ms  r7=0006 TX/RX off ch 6 = 2408 MHz                  07 00 06
 100.699 SPI  [I][u1u2:509]: + 109 ms  r52=8000 clear TX FIFO ptr                         34 80 00
 100.699 SPI  [W][u1u2:360]: + 109 ms  TX PACKET 10 B  (last r7: ch 6 = 2408 MHz, 1 Mbps)
 100.699 SPI  [W][u1u2:365]:           09 5F 18 02 00 0E 20 CF 80 FF
 100.699 SPI  [I][u1u2:371]:           .. .. .. .. .. .. .. .. .. ..  (^^ = differs from previous packet)
 100.699 SPI  [I][u1u2:374]:           byte 0 = length byte 9 -> matches
 100.699 SPI  [I][u1u2:509]: + 109 ms  r7=0106 TX_EN ch 6 = 2408 MHz                      07 01 06
 100.699 SPI  [I][u1u2:492]: + 109 ms  read r48 (status: CRC err/sync/PKT/FIFO)           B0 B0 B0
 100.699 SPI  [I][u1u2:345]:           (same frame x2 more)
 100.699 SPI  [I][u1u2:509]: + 110 ms  r7=001A TX/RX off ch 26 = 2428 MHz                 07 00 1A
 100.699 SPI  [I][u1u2:509]: + 110 ms  r52=8000 clear TX FIFO ptr                         34 80 00
 100.699 SPI  [W][u1u2:360]: + 110 ms  TX PACKET 10 B  (last r7: ch 26 = 2428 MHz, 1 Mbps)
 100.699 SPI  [W][u1u2:365]:           09 5F 18 02 00 0E 20 CF 80 FF
 100.699 SPI  [I][u1u2:371]:           .. .. .. .. .. .. .. .. .. ..  (^^ = differs from previous packet)
 100.699 SPI  [I][u1u2:374]:           byte 0 = length byte 9 -> matches
 100.699 SPI  [I][u1u2:509]: + 111 ms  r7=011A TX_EN ch 26 = 2428 MHz                     07 01 1A
 100.699 SPI  [I][u1u2:492]: + 111 ms  read r48 (status: CRC err/sync/PKT/FIFO)           B0 B0 B0
 100.699 SPI  [I][u1u2:345]:           (same frame x3 more)
 100.699 SPI  [I][u1u2:509]: + 159 ms  r7=0006 TX/RX off ch 6 = 2408 MHz                  07 00 06
 100.699 SPI  [I][u1u2:509]: + 159 ms  r52=8000 clear TX FIFO ptr                         34 80 00
 100.699 SPI  [W][u1u2:360]: + 160 ms  TX PACKET 10 B  (last r7: ch 6 = 2408 MHz, 1 Mbps)
 100.699 SPI  [W][u1u2:365]:           09 5F 18 02 00 0E 20 CF 80 FF
 100.699 SPI  [I][u1u2:371]:           .. .. .. .. .. .. .. .. .. ..  (^^ = differs from previous packet)
 100.699 SPI  [I][u1u2:374]:           byte 0 = length byte 9 -> matches
 100.747 SPI  [I][u1u2:509]: + 160 ms  r7=0106 TX_EN ch 6 = 2408 MHz                      07 01 06
 100.747 SPI  [I][u1u2:492]: + 160 ms  read r48 (status: CRC err/sync/PKT/FIFO)           B0 B0 B0
 100.747 SPI  [I][u1u2:345]:           (same frame x5 more)
 100.747 SPI  [I][u1u2:509]: + 161 ms  r7=001A TX/RX off ch 26 = 2428 MHz                 07 00 1A
 100.747 SPI  [I][u1u2:509]: + 161 ms  r52=8000 clear TX FIFO ptr                         34 80 00
 100.747 SPI  [W][u1u2:360]: + 161 ms  TX PACKET 10 B  (last r7: ch 26 = 2428 MHz, 1 Mbps)
 100.747 SPI  [W][u1u2:365]:           09 5F 18 02 00 0E 20 CF 80 FF
 100.747 SPI  [I][u1u2:371]:           .. .. .. .. .. .. .. .. .. ..  (^^ = differs from previous packet)
 100.747 SPI  [I][u1u2:374]:           byte 0 = length byte 9 -> matches
 100.747 SPI  [I][u1u2:509]: + 161 ms  r7=011A TX_EN ch 26 = 2428 MHz                     07 01 1A
 100.747 SPI  [I][u1u2:492]: + 161 ms  read r48 (status: CRC err/sync/PKT/FIFO)           B0 B0 B0
 100.747 SPI  [I][u1u2:345]:           (same frame x5 more)
 100.747 SPI  [I][u1u2:509]: + 162 ms  r7=003E TX/RX off ch 62 = 2464 MHz                 07 00 3E
 100.747 SPI  [I][u1u2:509]: + 162 ms  r52=8000 clear TX FIFO ptr                         34 80 00
 100.747 SPI  [W][u1u2:360]: + 162 ms  TX PACKET 10 B  (last r7: ch 62 = 2464 MHz, 1 Mbps)
 100.747 SPI  [W][u1u2:365]:           09 5F 18 02 00 0E 20 CF 80 FF
 100.747 SPI  [I][u1u2:371]:           .. .. .. .. .. .. .. .. .. ..  (^^ = differs from previous packet)
 100.747 SPI  [I][u1u2:374]:           byte 0 = length byte 9 -> matches
 100.747 SPI  [I][u1u2:509]: + 163 ms  r7=013E TX_EN ch 62 = 2464 MHz                     07 01 3E
 100.747 SPI  [I][u1u2:492]: + 163 ms  read r48 (status: CRC err/sync/PKT/FIFO)           B0 B0 B0
 100.747 SPI  [I][u1u2:345]:           (same frame x5 more)
 100.747 SPI  [I][u1u2:509]: + 163 ms  r7=004E TX/RX off ch 78 = 2480 MHz                 07 00 4E
 100.747 SPI  [I][u1u2:509]: + 163 ms  r52=8000 clear TX FIFO ptr                         34 80 00
 100.747 SPI  [W][u1u2:360]: + 164 ms  TX PACKET 10 B  (last r7: ch 78 = 2480 MHz, 1 Mbps)
 100.747 SPI  [W][u1u2:365]:           09 5F 18 02 00 0E 20 CF 80 FF
 100.747 SPI  [I][u1u2:371]:           .. .. .. .. .. .. .. .. .. ..  (^^ = differs from previous packet)
 100.747 SPI  [I][u1u2:374]:           byte 0 = length byte 9 -> matches
 100.747 SPI  [I][u1u2:509]: + 164 ms  r7=014E TX_EN ch 78 = 2480 MHz                     07 01 4E
 100.747 SPI  [I][u1u2:492]: + 164 ms  read r48 (status: CRC err/sync/PKT/FIFO)           B0 B0 B0
 100.747 SPI  [I][u1u2:345]:           (same frame x3 more)
 100.747 SPI  [I][u1u2:509]: + 165 ms  r7=0006 TX/RX off ch 6 = 2408 MHz                  07 00 06
 100.747 SPI  [I][u1u2:509]: + 165 ms  r52=8000 clear TX FIFO ptr                         34 80 00
 100.747 SPI  [W][u1u2:360]: + 165 ms  TX PACKET 10 B  (last r7: ch 6 = 2408 MHz, 1 Mbps)
 100.747 SPI  [W][u1u2:365]:           09 5F 18 02 00 0E 20 CF 80 FF
 100.747 SPI  [I][u1u2:371]:           .. .. .. .. .. .. .. .. .. ..  (^^ = differs from previous packet)
 100.747 SPI  [I][u1u2:374]:           byte 0 = length byte 9 -> matches
 100.747 SPI  [I][u1u2:509]: + 165 ms  r7=0106 TX_EN ch 6 = 2408 MHz                      07 01 06
 100.747 SPI  [I][u1u2:492]: + 165 ms  read r48 (status: CRC err/sync/PKT/FIFO)           B0 B0 B0
 100.747 SPI  [I][u1u2:345]:           (same frame x2 more)
 100.747 SPI  [I][u1u2:509]: + 166 ms  r7=011A TX_EN ch 26 = 2428 MHz                     07 01 1A
 100.747 SPI  [I][u1u2:492]: + 168 ms  read r48 (status: CRC err/sync/PKT/FIFO)           B0 B0 B0
 100.747 SPI  [I][u1u2:345]:           (same frame x1 more)
 100.747 SPI  [I][u1u2:509]: + 168 ms  r7=004E TX/RX off ch 78 = 2480 MHz                 07 00 4E
 100.747 SPI  [I][u1u2:509]: + 168 ms  r52=8000 clear TX FIFO ptr                         34 80 00
 100.747 SPI  [I][u1u2:509]: + 215 ms  r7=0006 TX/RX off ch 6 = 2408 MHz                  07 00 06
 100.747 SPI  [I][u1u2:509]: + 215 ms  r52=8000 clear TX FIFO ptr                         34 80 00
 100.747 SPI  [W][u1u2:360]: + 215 ms  TX PACKET 10 B  (last r7: ch 6 = 2408 MHz, 1 Mbps)
 100.791 SPI  [W][u1u2:365]:           09 5F 18 02 00 0E 20 CF 80 FF
 100.791 SPI  [I][u1u2:371]:           .. .. .. .. .. .. .. .. .. ..  (^^ = differs from previous packet)
 100.791 SPI  [I][u1u2:374]:           byte 0 = length byte 9 -> matches
 100.792 SPI  [I][u1u2:509]: + 216 ms  r7=0106 TX_EN ch 6 = 2408 MHz                      07 01 06
 100.792 SPI  [I][u1u2:492]: + 216 ms  read r48 (status: CRC err/sync/PKT/FIFO)           B0 B0 B0
 100.792 SPI  [I][u1u2:345]:           (same frame x5 more)
 100.792 SPI  [I][u1u2:509]: + 216 ms  r7=001A TX/RX off ch 26 = 2428 MHz                 07 00 1A
 100.792 SPI  [I][u1u2:509]: + 216 ms  r52=8000 clear TX FIFO ptr                         34 80 00
 100.792 SPI  [W][u1u2:360]: + 217 ms  TX PACKET 10 B  (last r7: ch 26 = 2428 MHz, 1 Mbps)
 100.792 SPI  [W][u1u2:365]:           09 5F 18 02 00 0E 20 CF 80 FF
 100.792 SPI  [I][u1u2:371]:           .. .. .. .. .. .. .. .. .. ..  (^^ = differs from previous packet)
 100.792 SPI  [I][u1u2:374]:           byte 0 = length byte 9 -> matches
 100.792 SPI  [I][u1u2:509]: + 217 ms  r7=011A TX_EN ch 26 = 2428 MHz                     07 01 1A
 100.792 SPI  [I][u1u2:492]: + 217 ms  read r48 (status: CRC err/sync/PKT/FIFO)           B0 B0 B0
 100.792 SPI  [I][u1u2:345]:           (same frame x5 more)
 100.792 SPI  [I][u1u2:509]: + 217 ms  r7=003E TX/RX off ch 62 = 2464 MHz                 07 00 3E
 100.792 SPI  [I][u1u2:509]: + 218 ms  r52=8000 clear TX FIFO ptr                         34 80 00
 100.792 SPI  [W][u1u2:360]: + 218 ms  TX PACKET 10 B  (last r7: ch 62 = 2464 MHz, 1 Mbps)
 100.792 SPI  [W][u1u2:365]:           09 5F 18 02 00 0E 20 CF 80 FF
 100.792 SPI  [I][u1u2:371]:           .. .. .. .. .. .. .. .. .. ..  (^^ = differs from previous packet)
 100.792 SPI  [I][u1u2:374]:           byte 0 = length byte 9 -> matches
 100.792 SPI  [I][u1u2:509]: + 218 ms  r7=013E TX_EN ch 62 = 2464 MHz                     07 01 3E
 100.792 SPI  [I][u1u2:492]: + 218 ms  read r48 (status: CRC err/sync/PKT/FIFO)           B0 B0 B0
 100.792 SPI  [I][u1u2:345]:           (same frame x5 more)
 100.792 SPI  [I][u1u2:509]: + 219 ms  r7=004E TX/RX off ch 78 = 2480 MHz                 07 00 4E
 100.792 SPI  [I][u1u2:509]: + 219 ms  r52=8000 clear TX FIFO ptr                         34 80 00
 100.792 SPI  [W][u1u2:360]: + 219 ms  TX PACKET 10 B  (last r7: ch 78 = 2480 MHz, 1 Mbps)
 100.792 SPI  [W][u1u2:365]:           09 5F 18 02 00 0E 20 CF 80 FF
 100.792 SPI  [I][u1u2:371]:           .. .. .. .. .. .. .. .. .. ..  (^^ = differs from previous packet)
 100.792 SPI  [I][u1u2:374]:           byte 0 = length byte 9 -> matches
 100.792 SPI  [I][u1u2:509]: + 219 ms  r7=014E TX_EN ch 78 = 2480 MHz                     07 01 4E
 100.792 SPI  [I][u1u2:492]: + 219 ms  read r48 (status: CRC err/sync/PKT/FIFO)           B0 B0 B0
 100.792 SPI  [I][u1u2:345]:           (same frame x4 more)
 100.792 SPI  [I][u1u2:509]: + 220 ms  r7=0006 TX/RX off ch 6 = 2408 MHz                  07 00 06
 100.792 SPI  [I][u1u2:509]: + 220 ms  r52=8000 clear TX FIFO ptr                         34 80 00
 100.792 SPI  [W][u1u2:360]: + 221 ms  TX PACKET 10 B  (last r7: ch 6 = 2408 MHz, 1 Mbps)
 100.792 SPI  [W][u1u2:365]:           09 5F 18 02 00 0E 20 CF 80 FF
 100.792 SPI  [I][u1u2:371]:           .. .. .. .. .. .. .. .. .. ..  (^^ = differs from previous packet)
 100.792 SPI  [I][u1u2:374]:           byte 0 = length byte 9 -> matches
 100.792 SPI  [I][u1u2:509]: + 221 ms  r7=0106 TX_EN ch 6 = 2408 MHz                      07 01 06
 100.792 SPI  [I][u1u2:492]: + 221 ms  read r48 (status: CRC err/sync/PKT/FIFO)           B0 B0 B0
 100.792 SPI  [I][u1u2:345]:           (same frame x2 more)
 100.792 SPI  [I][u1u2:509]: + 221 ms  r7=001A TX/RX off ch 26 = 2428 MHz                 07 00 1A
 100.792 SPI  [I][u1u2:509]: + 221 ms  r52=8000 clear TX FIFO ptr                         34 80 00
 100.792 SPI  [W][u1u2:360]: + 222 ms  TX PACKET 10 B  (last r7: ch 26 = 2428 MHz, 1 Mbps)
 100.792 SPI  [W][u1u2:365]:           09 5F 18 02 00 0E 20 CF 80 FF
 100.792 SPI  [I][u1u2:371]:           .. .. .. .. .. .. .. .. .. ..  (^^ = differs from previous packet)
 100.896 SPI  [I][u1u2:374]:           byte 0 = length byte 9 -> matches
 100.897 SPI  [I][u1u2:509]: + 222 ms  r7=011A TX_EN ch 26 = 2428 MHz                     07 01 1A
 100.897 SPI  [I][u1u2:492]: + 222 ms  read r48 (status: CRC err/sync/PKT/FIFO)           B0 B0 B0
 100.897 SPI  [I][u1u2:345]:           (same frame x3 more)
 100.897 SPI  [I][u1u2:435]: ---- quiet: 261 frames, 32 TX packets, 0 FIFO reads, 0 PKT flags ----
 100.897 SPI  [W][u1u2:410]: LT8920 CONFIG  (* = never written by U1, power-up default)
 100.897 SPI  [W][u1u2:421]:     r7=011A TX_EN ch 26 = 2428 MHz
 100.897 SPI  [W][u1u2:421]:   * r44=0100 data rate 1 Mbps
 100.897 SPI  [W][u1u2:421]:   * r45=0080 modem option (0080/0152 = 1 Mbps, 0552 = slower)
 100.897 SPI  [W][u1u2:421]:     r32=4800 preamble 3 B, sync 32 bit, trailer 4 bit, NRZ, no FEC
 100.897 SPI  [W][u1u2:417]:     SYNC WORD r39 r36 = 1982 0516  (32 bit, r36 LSB first on air)
 100.897 SPI  [W][u1u2:421]:     r41=B000 CRC on, scramble off, length byte on, FIFO-empty ends TX on, auto-ack off, flags active-high, CRC seed 00
 100.897 SPI  [W][u1u2:421]:     r35=4300 SLEEP (wakes on SS low), auto-ack retries 3, whitening seed 00
 100.897 SPI  [W][u1u2:421]:     r40=4401 FIFO empty/full thr 8/16, sync bit errors allowed 0
 100.897 SPI  [W][u1u2:421]:     r9=4800 TX power: PA current 4, gain 0
 100.897 SPI  [I][u1u2:429]:   registers written so far: r0 r1 r2 r4 r5 r7 r8 r9 r10 r11 r12 r13 r22 r23 r24 r25 r26 r27 r28 r32 r33 r34 r35 r36 r37 r38 r39 r40 r41 r42 r43 r52
 101.188 NRF  [W][nrf24:457]: [POWER ] #4  8B 02 C5 8C 4A F9 C2 30 00 70 00 79 16 FC 67 B5 FD | fan 20% | q 89% 5/5
 101.188 NRF  [I][nrf24:480]:          vs #3:  b5 F8>F9  b7 10>30  b11 7C>79  b12 06>16  b14 DA>67  b15 0C>B5
 102.697 SPI  [I][u1u2:448]: ---- activity ----
 102.697 SPI  [I][u1u2:509]: +   0 ms  r7=0006 TX/RX off ch 6 = 2408 MHz                  07 00 06
 102.697 SPI  [I][u1u2:509]: +   0 ms  r52=8000 clear TX FIFO ptr                         34 80 00
 102.697 SPI  [W][u1u2:360]: +   0 ms  TX PACKET 10 B  (last r7: ch 6 = 2408 MHz, 1 Mbps)
 102.697 SPI  [W][u1u2:365]:           09 5F 18 02 00 0E 80 CF 80 5F
 102.697 SPI  [I][u1u2:371]:           .. .. .. .. .. .. ^^ .. .. ^^  (^^ = differs from previous packet)
 102.697 SPI  [I][u1u2:374]:           byte 0 = length byte 9 -> matches
 102.697 SPI  [I][u1u2:509]: +   0 ms  r7=0106 TX_EN ch 6 = 2408 MHz                      07 01 06
 102.697 SPI  [I][u1u2:492]: +   0 ms  read r48 (status: CRC err/sync/PKT/FIFO)           B0 B0 B0
 102.697 SPI  [I][u1u2:345]:           (same frame x2 more)
 102.697 SPI  [I][u1u2:509]: +   1 ms  r7=001A TX/RX off ch 26 = 2428 MHz                 07 00 1A
 102.697 SPI  [I][u1u2:509]: +   1 ms  r52=8000 clear TX FIFO ptr                         34 80 00
 102.697 SPI  [W][u1u2:360]: +   1 ms  TX PACKET 10 B  (last r7: ch 26 = 2428 MHz, 1 Mbps)
 102.697 SPI  [W][u1u2:365]:           09 5F 18 02 00 0E 80 CF 80 5F
 102.697 SPI  [I][u1u2:371]:           .. .. .. .. .. .. .. .. .. ..  (^^ = differs from previous packet)
 102.697 SPI  [I][u1u2:374]:           byte 0 = length byte 9 -> matches
 102.697 SPI  [I][u1u2:509]: +   1 ms  r7=011A TX_EN ch 26 = 2428 MHz                     07 01 1A
 102.697 SPI  [I][u1u2:492]: +   1 ms  read r48 (status: CRC err/sync/PKT/FIFO)           B0 B0 B0
 102.697 SPI  [I][u1u2:345]:           (same frame x2 more)
 102.697 SPI  [I][u1u2:509]: +   2 ms  r7=003E TX/RX off ch 62 = 2464 MHz                 07 00 3E
 102.697 SPI  [I][u1u2:509]: +   2 ms  r52=8000 clear TX FIFO ptr                         34 80 00
 102.697 SPI  [W][u1u2:360]: +   2 ms  TX PACKET 10 B  (last r7: ch 62 = 2464 MHz, 1 Mbps)
 102.697 SPI  [W][u1u2:365]:           09 5F 18 02 00 0E 80 CF 80 5F
 102.697 SPI  [I][u1u2:371]:           .. .. .. .. .. .. .. .. .. ..  (^^ = differs from previous packet)
 102.697 SPI  [I][u1u2:374]:           byte 0 = length byte 9 -> matches
 102.697 SPI  [I][u1u2:509]: +   2 ms  r7=013E TX_EN ch 62 = 2464 MHz                     07 01 3E
 102.697 SPI  [I][u1u2:492]: +   2 ms  read r48 (status: CRC err/sync/PKT/FIFO)           B0 B0 B0
 102.697 SPI  [I][u1u2:345]:           (same frame x2 more)
 102.697 SPI  [I][u1u2:509]: +   3 ms  r7=004E TX/RX off ch 78 = 2480 MHz                 07 00 4E
 102.697 SPI  [I][u1u2:509]: +   3 ms  r52=8000 clear TX FIFO ptr                         34 80 00
 102.697 SPI  [W][u1u2:360]: +   3 ms  TX PACKET 10 B  (last r7: ch 78 = 2480 MHz, 1 Mbps)
 102.697 SPI  [W][u1u2:365]:           09 5F 18 02 00 0E 80 CF 80 5F
 102.697 SPI  [I][u1u2:371]:           .. .. .. .. .. .. .. .. .. ..  (^^ = differs from previous packet)
 102.697 SPI  [I][u1u2:374]:           byte 0 = length byte 9 -> matches
 102.697 SPI  [I][u1u2:509]: +   3 ms  r7=014E TX_EN ch 78 = 2480 MHz                     07 01 4E
 102.697 SPI  [I][u1u2:492]: +   3 ms  read r48 (status: CRC err/sync/PKT/FIFO)           B0 B0 B0
 102.697 SPI  [I][u1u2:345]:           (same frame x2 more)
 102.697 SPI  [I][u1u2:509]: +   4 ms  r7=0006 TX/RX off ch 6 = 2408 MHz                  07 00 06
 102.697 SPI  [I][u1u2:509]: +   4 ms  r52=8000 clear TX FIFO ptr                         34 80 00
 102.697 SPI  [W][u1u2:360]: +   4 ms  TX PACKET 10 B  (last r7: ch 6 = 2408 MHz, 1 Mbps)
 102.697 SPI  [W][u1u2:365]:           09 5F 18 02 00 0E 80 CF 80 5F
 102.697 SPI  [I][u1u2:371]:           .. .. .. .. .. .. .. .. .. ..  (^^ = differs from previous packet)
 102.697 SPI  [I][u1u2:374]:           byte 0 = length byte 9 -> matches
 102.697 SPI  [I][u1u2:509]: +   4 ms  r7=0106 TX_EN ch 6 = 2408 MHz                      07 01 06
 102.697 SPI  [I][u1u2:492]: +   4 ms  read r48 (status: CRC err/sync/PKT/FIFO)           B0 B0 B0
 102.697 SPI  [I][u1u2:345]:           (same frame x2 more)
 102.697 SPI  [I][u1u2:509]: +   5 ms  r7=001A TX/RX off ch 26 = 2428 MHz                 07 00 1A
 102.744 SPI  [I][u1u2:509]: +   5 ms  r52=8000 clear TX FIFO ptr                         34 80 00
 102.744 SPI  [W][u1u2:360]: +   5 ms  TX PACKET 10 B  (last r7: ch 26 = 2428 MHz, 1 Mbps)
 102.744 SPI  [W][u1u2:365]:           09 5F 18 02 00 0E 80 CF 80 5F
 102.744 SPI  [I][u1u2:371]:           .. .. .. .. .. .. .. .. .. ..  (^^ = differs from previous packet)
 102.744 SPI  [I][u1u2:374]:           byte 0 = length byte 9 -> matches
 102.744 SPI  [I][u1u2:509]: +   6 ms  r7=011A TX_EN ch 26 = 2428 MHz                     07 01 1A
 102.744 SPI  [I][u1u2:492]: +   6 ms  read r48 (status: CRC err/sync/PKT/FIFO)           B0 B0 B0
 102.744 SPI  [I][u1u2:345]:           (same frame x2 more)
 102.744 SPI  [I][u1u2:509]: +   6 ms  r7=003E TX/RX off ch 62 = 2464 MHz                 07 00 3E
 102.744 SPI  [I][u1u2:509]: +   6 ms  r52=8000 clear TX FIFO ptr                         34 80 00
 102.744 SPI  [W][u1u2:360]: +   7 ms  TX PACKET 10 B  (last r7: ch 62 = 2464 MHz, 1 Mbps)
 102.744 SPI  [W][u1u2:365]:           09 5F 18 02 00 0E 80 CF 80 5F
 102.744 SPI  [I][u1u2:371]:           .. .. .. .. .. .. .. .. .. ..  (^^ = differs from previous packet)
 102.744 SPI  [I][u1u2:374]:           byte 0 = length byte 9 -> matches
 102.744 SPI  [I][u1u2:509]: +   7 ms  r7=013E TX_EN ch 62 = 2464 MHz                     07 01 3E
 102.744 SPI  [I][u1u2:492]: +   7 ms  read r48 (status: CRC err/sync/PKT/FIFO)           B0 B0 B0
 102.744 SPI  [I][u1u2:345]:           (same frame x2 more)
 102.744 SPI  [I][u1u2:509]: +   7 ms  r7=004E TX/RX off ch 78 = 2480 MHz                 07 00 4E
 102.744 SPI  [I][u1u2:509]: +   7 ms  r52=8000 clear TX FIFO ptr                         34 80 00
 102.744 SPI  [W][u1u2:360]: +   8 ms  TX PACKET 10 B  (last r7: ch 78 = 2480 MHz, 1 Mbps)
 102.744 SPI  [W][u1u2:365]:           09 5F 18 02 00 0E 80 CF 80 5F
 102.744 SPI  [I][u1u2:371]:           .. .. .. .. .. .. .. .. .. ..  (^^ = differs from previous packet)
 102.744 SPI  [I][u1u2:374]:           byte 0 = length byte 9 -> matches
 102.744 SPI  [I][u1u2:509]: +   8 ms  r7=014E TX_EN ch 78 = 2480 MHz                     07 01 4E
 102.744 SPI  [I][u1u2:492]: +   8 ms  read r48 (status: CRC err/sync/PKT/FIFO)           B0 B0 B0
 102.744 SPI  [I][u1u2:345]:           (same frame x2 more)
 102.744 SPI  [I][u1u2:509]: +  22 ms  r7=0006 TX/RX off ch 6 = 2408 MHz                  07 00 06
 102.744 SPI  [I][u1u2:509]: +  22 ms  r52=8000 clear TX FIFO ptr                         34 80 00
 102.744 SPI  [W][u1u2:360]: +  22 ms  TX PACKET 10 B  (last r7: ch 6 = 2408 MHz, 1 Mbps)
 102.744 SPI  [W][u1u2:365]:           09 5F 18 02 00 0E 80 CF 80 5F
 102.744 SPI  [I][u1u2:371]:           .. .. .. .. .. .. .. .. .. ..  (^^ = differs from previous packet)
 102.744 SPI  [I][u1u2:374]:           byte 0 = length byte 9 -> matches
 102.744 SPI  [I][u1u2:509]: +  22 ms  r7=0106 TX_EN ch 6 = 2408 MHz                      07 01 06
 102.744 SPI  [I][u1u2:492]: +  22 ms  read r48 (status: CRC err/sync/PKT/FIFO)           B0 B0 B0
 102.744 SPI  [I][u1u2:345]:           (same frame x2 more)
 102.744 SPI  [I][u1u2:509]: +  23 ms  r7=001A TX/RX off ch 26 = 2428 MHz                 07 00 1A
 102.744 SPI  [I][u1u2:509]: +  23 ms  r52=8000 clear TX FIFO ptr                         34 80 00
 102.744 SPI  [W][u1u2:360]: +  23 ms  TX PACKET 10 B  (last r7: ch 26 = 2428 MHz, 1 Mbps)
 102.744 SPI  [W][u1u2:365]:           09 5F 18 02 00 0E 80 CF 80 5F
 102.744 SPI  [I][u1u2:371]:           .. .. .. .. .. .. .. .. .. ..  (^^ = differs from previous packet)
 102.744 SPI  [I][u1u2:374]:           byte 0 = length byte 9 -> matches
 102.744 SPI  [I][u1u2:509]: +  23 ms  r7=011A TX_EN ch 26 = 2428 MHz                     07 01 1A
 102.744 SPI  [I][u1u2:492]: +  23 ms  read r48 (status: CRC err/sync/PKT/FIFO)           B0 B0 B0
 102.744 SPI  [I][u1u2:345]:           (same frame x2 more)
 102.744 SPI  [I][u1u2:509]: +  24 ms  r7=003E TX/RX off ch 62 = 2464 MHz                 07 00 3E
 102.744 SPI  [I][u1u2:509]: +  24 ms  r52=8000 clear TX FIFO ptr                         34 80 00
 102.744 SPI  [W][u1u2:360]: +  24 ms  TX PACKET 10 B  (last r7: ch 62 = 2464 MHz, 1 Mbps)
 102.744 SPI  [W][u1u2:365]:           09 5F 18 02 00 0E 80 CF 80 5F
 102.791 SPI  [I][u1u2:371]:           .. .. .. .. .. .. .. .. .. ..  (^^ = differs from previous packet)
 102.791 SPI  [I][u1u2:374]:           byte 0 = length byte 9 -> matches
 102.791 SPI  [I][u1u2:509]: +  24 ms  r7=013E TX_EN ch 62 = 2464 MHz                     07 01 3E
 102.791 SPI  [I][u1u2:492]: +  25 ms  read r48 (status: CRC err/sync/PKT/FIFO)           B0 B0 B0
 102.791 SPI  [I][u1u2:345]:           (same frame x2 more)
 102.792 SPI  [I][u1u2:509]: +  25 ms  r7=004E TX/RX off ch 78 = 2480 MHz                 07 00 4E
 102.792 SPI  [I][u1u2:509]: +  25 ms  r52=8000 clear TX FIFO ptr                         34 80 00
 102.792 SPI  [W][u1u2:360]: +  26 ms  TX PACKET 10 B  (last r7: ch 78 = 2480 MHz, 1 Mbps)
 102.792 SPI  [W][u1u2:365]:           09 5F 18 02 00 0E 80 CF 80 5F
 102.792 SPI  [I][u1u2:371]:           .. .. .. .. .. .. .. .. .. ..  (^^ = differs from previous packet)
 102.792 SPI  [I][u1u2:374]:           byte 0 = length byte 9 -> matches
 102.792 SPI  [I][u1u2:509]: +  26 ms  r7=014E TX_EN ch 78 = 2480 MHz                     07 01 4E
 102.792 SPI  [I][u1u2:492]: +  26 ms  read r48 (status: CRC err/sync/PKT/FIFO)           B0 B0 B0
 102.792 SPI  [W][u1u2:360]: +  29 ms  TX PACKET 20 B  (last r7: ch 78 = 2480 MHz, 1 Mbps)
 102.792 SPI  [W][u1u2:365]:           09 5F 18 02 00 0E 80 CF 80 5F 09 5F 18 02 00 0E 80 CF 80 5F
 102.792 SPI  [I][u1u2:371]:           .. .. .. .. .. .. .. .. .. .. ^^ ^^ ^^ ^^ ^^ ^^ ^^ ^^ ^^ ^^  (^^ = differs from previous packet)
 102.792 SPI  [I][u1u2:374]:           byte 0 = length byte 9 -> does NOT match the FIFO byte count
 102.792 SPI  [I][u1u2:509]: +  30 ms  r7=014E TX_EN ch 78 = 2480 MHz                     07 01 4E
 102.792 SPI  [I][u1u2:492]: +  30 ms  read r48 (status: CRC err/sync/PKT/FIFO)           B0 B0 B0
 102.792 SPI  [I][u1u2:509]: +  77 ms  r7=0006 TX/RX off ch 6 = 2408 MHz                  07 00 06
 102.792 SPI  [I][u1u2:509]: +  77 ms  r52=8000 clear TX FIFO ptr                         34 80 00
 102.792 SPI  [W][u1u2:360]: +  78 ms  TX PACKET 10 B  (last r7: ch 6 = 2408 MHz, 1 Mbps)
 102.792 SPI  [W][u1u2:365]:           09 5F 18 02 00 0E 80 CF 80 5F
 102.792 SPI  [I][u1u2:371]:           .. .. .. .. .. .. .. .. .. ..  (^^ = differs from previous packet)
 102.792 SPI  [I][u1u2:374]:           byte 0 = length byte 9 -> matches
 102.792 SPI  [I][u1u2:509]: +  78 ms  r7=0106 TX_EN ch 6 = 2408 MHz                      07 01 06
 102.792 SPI  [I][u1u2:492]: +  78 ms  read r48 (status: CRC err/sync/PKT/FIFO)           B0 B0 B0
 102.792 SPI  [I][u1u2:345]:           (same frame x4 more)
 102.792 SPI  [I][u1u2:509]: +  78 ms  r7=001A TX/RX off ch 26 = 2428 MHz                 07 00 1A
 102.792 SPI  [I][u1u2:509]: +  79 ms  r52=8000 clear TX FIFO ptr                         34 80 00
 102.792 SPI  [W][u1u2:360]: +  79 ms  TX PACKET 10 B  (last r7: ch 26 = 2428 MHz, 1 Mbps)
 102.792 SPI  [W][u1u2:365]:           09 5F 18 02 00 0E 80 CF 80 5F
 102.792 SPI  [I][u1u2:371]:           .. .. .. .. .. .. .. .. .. ..  (^^ = differs from previous packet)
 102.792 SPI  [I][u1u2:374]:           byte 0 = length byte 9 -> matches
 102.792 SPI  [I][u1u2:509]: +  79 ms  r7=011A TX_EN ch 26 = 2428 MHz                     07 01 1A
 102.792 SPI  [I][u1u2:492]: +  79 ms  read r48 (status: CRC err/sync/PKT/FIFO)           B0 B0 B0
 102.792 SPI  [I][u1u2:345]:           (same frame x2 more)
 102.792 SPI  [I][u1u2:509]: +  80 ms  r7=003E TX/RX off ch 62 = 2464 MHz                 07 00 3E
 102.792 SPI  [I][u1u2:509]: +  80 ms  r52=8000 clear TX FIFO ptr                         34 80 00
 102.792 SPI  [W][u1u2:360]: +  80 ms  TX PACKET 10 B  (last r7: ch 62 = 2464 MHz, 1 Mbps)
 102.792 SPI  [W][u1u2:365]:           09 5F 18 02 00 0E 80 CF 80 5F
 102.792 SPI  [I][u1u2:371]:           .. .. .. .. .. .. .. .. .. ..  (^^ = differs from previous packet)
 102.792 SPI  [I][u1u2:374]:           byte 0 = length byte 9 -> matches
 102.792 SPI  [I][u1u2:509]: +  80 ms  r7=013E TX_EN ch 62 = 2464 MHz                     07 01 3E
 102.792 SPI  [I][u1u2:492]: +  80 ms  read r48 (status: CRC err/sync/PKT/FIFO)           B0 B0 B0
 102.792 SPI  [I][u1u2:345]:           (same frame x2 more)
 102.837 SPI  [I][u1u2:509]: +  81 ms  r7=004E TX/RX off ch 78 = 2480 MHz                 07 00 4E
 102.837 SPI  [I][u1u2:509]: +  81 ms  r52=8000 clear TX FIFO ptr                         34 80 00
 102.837 SPI  [W][u1u2:360]: +  81 ms  TX PACKET 10 B  (last r7: ch 78 = 2480 MHz, 1 Mbps)
 102.837 SPI  [W][u1u2:365]:           09 5F 18 02 00 0E 80 CF 80 5F
 102.837 SPI  [I][u1u2:371]:           .. .. .. .. .. .. .. .. .. ..  (^^ = differs from previous packet)
 102.837 SPI  [I][u1u2:374]:           byte 0 = length byte 9 -> matches
 102.837 SPI  [I][u1u2:509]: +  81 ms  r7=014E TX_EN ch 78 = 2480 MHz                     07 01 4E
 102.837 SPI  [I][u1u2:492]: +  81 ms  read r48 (status: CRC err/sync/PKT/FIFO)           B0 B0 B0
 102.837 SPI  [I][u1u2:345]:           (same frame x2 more)
 102.837 SPI  [I][u1u2:509]: +  82 ms  r7=0006 TX/RX off ch 6 = 2408 MHz                  07 00 06
 102.837 SPI  [I][u1u2:509]: +  82 ms  r52=8000 clear TX FIFO ptr                         34 80 00
 102.837 SPI  [W][u1u2:360]: +  82 ms  TX PACKET 10 B  (last r7: ch 6 = 2408 MHz, 1 Mbps)
 102.837 SPI  [W][u1u2:365]:           09 5F 18 02 00 0E 80 CF 80 5F
 102.837 SPI  [I][u1u2:371]:           .. .. .. .. .. .. .. .. .. ..  (^^ = differs from previous packet)
 102.837 SPI  [I][u1u2:374]:           byte 0 = length byte 9 -> matches
 102.837 SPI  [I][u1u2:509]: +  82 ms  r7=0106 TX_EN ch 6 = 2408 MHz                      07 01 06
 102.837 SPI  [I][u1u2:492]: +  82 ms  read r48 (status: CRC err/sync/PKT/FIFO)           B0 B0 B0
 102.837 SPI  [I][u1u2:345]:           (same frame x2 more)
 102.837 SPI  [I][u1u2:509]: +  83 ms  r7=001A TX/RX off ch 26 = 2428 MHz                 07 00 1A
 102.837 SPI  [I][u1u2:509]: +  83 ms  r52=8000 clear TX FIFO ptr                         34 80 00
 102.837 SPI  [W][u1u2:360]: +  83 ms  TX PACKET 10 B  (last r7: ch 26 = 2428 MHz, 1 Mbps)
 102.837 SPI  [W][u1u2:365]:           09 5F 18 02 00 0E 80 CF 80 5F
 102.837 SPI  [I][u1u2:371]:           .. .. .. .. .. .. .. .. .. ..  (^^ = differs from previous packet)
 102.837 SPI  [I][u1u2:374]:           byte 0 = length byte 9 -> matches
 102.837 SPI  [I][u1u2:509]: +  83 ms  r7=011A TX_EN ch 26 = 2428 MHz                     07 01 1A
 102.837 SPI  [I][u1u2:492]: +  83 ms  read r48 (status: CRC err/sync/PKT/FIFO)           B0 B0 B0
 102.837 SPI  [I][u1u2:345]:           (same frame x1 more)
 102.837 SPI  [I][u1u2:509]: + 132 ms  r7=0006 TX/RX off ch 6 = 2408 MHz                  07 00 06
 102.837 SPI  [I][u1u2:509]: + 132 ms  r52=8000 clear TX FIFO ptr                         34 80 00
 102.837 SPI  [W][u1u2:360]: + 133 ms  TX PACKET 10 B  (last r7: ch 6 = 2408 MHz, 1 Mbps)
 102.837 SPI  [W][u1u2:365]:           09 5F 18 02 00 0E 80 CF 80 5F
 102.837 SPI  [I][u1u2:371]:           .. .. .. .. .. .. .. .. .. ..  (^^ = differs from previous packet)
 102.837 SPI  [I][u1u2:374]:           byte 0 = length byte 9 -> matches
 102.837 SPI  [I][u1u2:509]: + 133 ms  r7=0106 TX_EN ch 6 = 2408 MHz                      07 01 06
 102.837 SPI  [I][u1u2:492]: + 133 ms  read r48 (status: CRC err/sync/PKT/FIFO)           B0 B0 B0
 102.837 SPI  [I][u1u2:345]:           (same frame x5 more)
 102.837 SPI  [I][u1u2:509]: + 134 ms  r7=001A TX/RX off ch 26 = 2428 MHz                 07 00 1A
 102.837 SPI  [I][u1u2:509]: + 134 ms  r52=8000 clear TX FIFO ptr                         34 80 00
 102.837 SPI  [W][u1u2:360]: + 134 ms  TX PACKET 10 B  (last r7: ch 26 = 2428 MHz, 1 Mbps)
 102.837 SPI  [W][u1u2:365]:           09 5F 18 02 00 0E 80 CF 80 5F
 102.837 SPI  [I][u1u2:371]:           .. .. .. .. .. .. .. .. .. ..  (^^ = differs from previous packet)
 102.837 SPI  [I][u1u2:374]:           byte 0 = length byte 9 -> matches
 102.837 SPI  [I][u1u2:509]: + 134 ms  r7=011A TX_EN ch 26 = 2428 MHz                     07 01 1A
 102.837 SPI  [I][u1u2:492]: + 134 ms  read r48 (status: CRC err/sync/PKT/FIFO)           B0 B0 B0
 102.837 SPI  [I][u1u2:345]:           (same frame x5 more)
 102.837 SPI  [I][u1u2:509]: + 135 ms  r7=003E TX/RX off ch 62 = 2464 MHz                 07 00 3E
 102.837 SPI  [I][u1u2:509]: + 135 ms  r52=8000 clear TX FIFO ptr                         34 80 00
 102.884 SPI  [W][u1u2:360]: + 136 ms  TX PACKET 10 B  (last r7: ch 62 = 2464 MHz, 1 Mbps)
 102.884 SPI  [W][u1u2:365]:           09 5F 18 02 00 0E 80 CF 80 5F
 102.884 SPI  [I][u1u2:371]:           .. .. .. .. .. .. .. .. .. ..  (^^ = differs from previous packet)
 102.884 SPI  [I][u1u2:374]:           byte 0 = length byte 9 -> matches
 102.884 SPI  [I][u1u2:509]: + 136 ms  r7=013E TX_EN ch 62 = 2464 MHz                     07 01 3E
 102.884 SPI  [I][u1u2:492]: + 136 ms  read r48 (status: CRC err/sync/PKT/FIFO)           B0 B0 B0
 102.884 SPI  [I][u1u2:345]:           (same frame x3 more)
 102.884 SPI  [I][u1u2:509]: + 136 ms  r7=004E TX/RX off ch 78 = 2480 MHz                 07 00 4E
 102.884 SPI  [I][u1u2:509]: + 136 ms  r52=8000 clear TX FIFO ptr                         34 80 00
 102.884 SPI  [W][u1u2:360]: + 137 ms  TX PACKET 10 B  (last r7: ch 78 = 2480 MHz, 1 Mbps)
 102.884 SPI  [W][u1u2:365]:           09 5F 18 02 00 0E 80 CF 80 5F
 102.884 SPI  [I][u1u2:371]:           .. .. .. .. .. .. .. .. .. ..  (^^ = differs from previous packet)
 102.884 SPI  [I][u1u2:374]:           byte 0 = length byte 9 -> matches
 102.884 SPI  [I][u1u2:509]: + 137 ms  r7=014E TX_EN ch 78 = 2480 MHz                     07 01 4E
 102.884 SPI  [I][u1u2:492]: + 137 ms  read r48 (status: CRC err/sync/PKT/FIFO)           B0 B0 B0
 102.884 SPI  [I][u1u2:345]:           (same frame x2 more)
 102.884 SPI  [I][u1u2:509]: + 137 ms  r7=0006 TX/RX off ch 6 = 2408 MHz                  07 00 06
 102.884 SPI  [I][u1u2:509]: + 138 ms  r52=8000 clear TX FIFO ptr                         34 80 00
 102.884 SPI  [W][u1u2:360]: + 138 ms  TX PACKET 10 B  (last r7: ch 6 = 2408 MHz, 1 Mbps)
 102.884 SPI  [W][u1u2:365]:           09 5F 18 02 00 0E 80 CF 80 5F
 102.884 SPI  [I][u1u2:371]:           .. .. .. .. .. .. .. .. .. ..  (^^ = differs from previous packet)
 102.884 SPI  [I][u1u2:374]:           byte 0 = length byte 9 -> matches
 102.884 SPI  [I][u1u2:509]: + 138 ms  r7=0106 TX_EN ch 6 = 2408 MHz                      07 01 06
 102.884 SPI  [I][u1u2:492]: + 138 ms  read r48 (status: CRC err/sync/PKT/FIFO)           B0 B0 B0
 102.884 SPI  [I][u1u2:345]:           (same frame x1 more)
 102.884 SPI  [I][u1u2:509]: + 188 ms  r7=0006 TX/RX off ch 6 = 2408 MHz                  07 00 06
 102.884 SPI  [I][u1u2:509]: + 188 ms  r52=8000 clear TX FIFO ptr                         34 80 00
 102.884 SPI  [W][u1u2:360]: + 189 ms  TX PACKET 10 B  (last r7: ch 6 = 2408 MHz, 1 Mbps)
 102.884 SPI  [W][u1u2:365]:           09 5F 18 02 00 0E 80 CF 80 5F
 102.884 SPI  [I][u1u2:371]:           .. .. .. .. .. .. .. .. .. ..  (^^ = differs from previous packet)
 102.884 SPI  [I][u1u2:374]:           byte 0 = length byte 9 -> matches
 102.884 SPI  [I][u1u2:509]: + 189 ms  r7=0106 TX_EN ch 6 = 2408 MHz                      07 01 06
 102.884 SPI  [I][u1u2:492]: + 189 ms  read r48 (status: CRC err/sync/PKT/FIFO)           B0 B0 B0
 102.884 SPI  [I][u1u2:345]:           (same frame x5 more)
 102.884 SPI  [I][u1u2:509]: + 189 ms  r7=001A TX/RX off ch 26 = 2428 MHz                 07 00 1A
 102.884 SPI  [I][u1u2:509]: + 190 ms  r52=8000 clear TX FIFO ptr                         34 80 00
 102.884 SPI  [W][u1u2:360]: + 190 ms  TX PACKET 10 B  (last r7: ch 26 = 2428 MHz, 1 Mbps)
 102.884 SPI  [W][u1u2:365]:           09 5F 18 02 00 0E 80 CF 80 5F
 102.884 SPI  [I][u1u2:371]:           .. .. .. .. .. .. .. .. .. ..  (^^ = differs from previous packet)
 102.884 SPI  [I][u1u2:374]:           byte 0 = length byte 9 -> matches
 102.884 SPI  [I][u1u2:509]: + 190 ms  r7=011A TX_EN ch 26 = 2428 MHz                     07 01 1A
 102.884 SPI  [I][u1u2:492]: + 190 ms  read r48 (status: CRC err/sync/PKT/FIFO)           B0 B0 B0
 102.884 SPI  [I][u1u2:345]:           (same frame x5 more)
 102.884 SPI  [I][u1u2:509]: + 191 ms  r7=003E TX/RX off ch 62 = 2464 MHz                 07 00 3E
 102.884 SPI  [I][u1u2:509]: + 191 ms  r52=8000 clear TX FIFO ptr                         34 80 00
 102.884 SPI  [W][u1u2:360]: + 191 ms  TX PACKET 10 B  (last r7: ch 62 = 2464 MHz, 1 Mbps)
 102.884 SPI  [W][u1u2:365]:           09 5F 18 02 00 0E 80 CF 80 5F
 102.884 SPI  [I][u1u2:371]:           .. .. .. .. .. .. .. .. .. ..  (^^ = differs from previous packet)
 102.986 SPI  [I][u1u2:374]:           byte 0 = length byte 9 -> matches
 102.986 SPI  [I][u1u2:509]: + 191 ms  r7=013E TX_EN ch 62 = 2464 MHz                     07 01 3E
 102.986 SPI  [I][u1u2:492]: + 191 ms  read r48 (status: CRC err/sync/PKT/FIFO)           B0 B0 B0
 102.986 SPI  [I][u1u2:345]:           (same frame x3 more)
 102.986 SPI  [I][u1u2:509]: + 192 ms  r7=004E TX/RX off ch 78 = 2480 MHz                 07 00 4E
 102.986 SPI  [I][u1u2:509]: + 192 ms  r52=8000 clear TX FIFO ptr                         34 80 00
 102.986 SPI  [W][u1u2:360]: + 192 ms  TX PACKET 10 B  (last r7: ch 78 = 2480 MHz, 1 Mbps)
 102.986 SPI  [W][u1u2:365]:           09 5F 18 02 00 0E 80 CF 80 5F
 102.986 SPI  [I][u1u2:371]:           .. .. .. .. .. .. .. .. .. ..  (^^ = differs from previous packet)
 102.986 SPI  [I][u1u2:374]:           byte 0 = length byte 9 -> matches
 102.986 SPI  [I][u1u2:509]: + 192 ms  r7=014E TX_EN ch 78 = 2480 MHz                     07 01 4E
 102.986 SPI  [I][u1u2:492]: + 192 ms  read r48 (status: CRC err/sync/PKT/FIFO)           B0 B0 B0
 102.986 SPI  [I][u1u2:345]:           (same frame x2 more)
 102.986 SPI  [I][u1u2:509]: + 193 ms  r7=0006 TX/RX off ch 6 = 2408 MHz                  07 00 06
 102.986 SPI  [I][u1u2:509]: + 193 ms  r52=8000 clear TX FIFO ptr                         34 80 00
 102.986 SPI  [W][u1u2:360]: + 193 ms  TX PACKET 10 B  (last r7: ch 6 = 2408 MHz, 1 Mbps)
 102.986 SPI  [W][u1u2:365]:           09 5F 18 02 00 0E 80 CF 80 5F
 102.986 SPI  [I][u1u2:371]:           .. .. .. .. .. .. .. .. .. ..  (^^ = differs from previous packet)
 102.986 SPI  [I][u1u2:374]:           byte 0 = length byte 9 -> matches
 102.986 SPI  [I][u1u2:509]: + 194 ms  r7=0106 TX_EN ch 6 = 2408 MHz                      07 01 06
 102.986 SPI  [I][u1u2:492]: + 194 ms  read r48 (status: CRC err/sync/PKT/FIFO)           B0 B0 B0
 102.986 SPI  [I][u1u2:345]:           (same frame x2 more)
 102.986 SPI  [I][u1u2:509]: + 194 ms  r7=001A TX/RX off ch 26 = 2428 MHz                 07 00 1A
 102.986 SPI  [I][u1u2:509]: + 194 ms  r52=8000 clear TX FIFO ptr                         34 80 00
 102.986 SPI  [W][u1u2:360]: + 195 ms  TX PACKET 10 B  (last r7: ch 26 = 2428 MHz, 1 Mbps)
 102.986 SPI  [W][u1u2:365]:           09 5F 18 02 00 0E 80 CF 80 5F
 102.986 SPI  [I][u1u2:371]:           .. .. .. .. .. .. .. .. .. ..  (^^ = differs from previous packet)
 102.986 SPI  [I][u1u2:374]:           byte 0 = length byte 9 -> matches
 102.986 SPI  [I][u1u2:509]: + 195 ms  r7=011A TX_EN ch 26 = 2428 MHz                     07 01 1A
 102.986 SPI  [I][u1u2:492]: + 195 ms  read r48 (status: CRC err/sync/PKT/FIFO)           B0 B0 B0
 102.986 SPI  [I][u1u2:345]:           (same frame x3 more)
 102.986 SPI  [I][u1u2:509]: + 196 ms  r7=004E TX/RX off ch 78 = 2480 MHz                 07 00 4E
 102.986 SPI  [I][u1u2:509]: + 196 ms  r52=8000 clear TX FIFO ptr                         34 80 00
 102.986 SPI  [I][u1u2:435]: ---- quiet: 222 frames, 30 TX packets, 0 FIFO reads, 0 PKT flags ----
 102.986 SPI  [W][u1u2:410]: LT8920 CONFIG  (* = never written by U1, power-up default)
 102.986 SPI  [W][u1u2:421]:     r7=004E TX/RX off ch 78 = 2480 MHz
 102.986 SPI  [W][u1u2:421]:   * r44=0100 data rate 1 Mbps
 102.986 SPI  [W][u1u2:421]:   * r45=0080 modem option (0080/0152 = 1 Mbps, 0552 = slower)
 102.986 SPI  [W][u1u2:421]:     r32=4800 preamble 3 B, sync 32 bit, trailer 4 bit, NRZ, no FEC
 102.986 SPI  [W][u1u2:417]:     SYNC WORD r39 r36 = 1982 0516  (32 bit, r36 LSB first on air)
 102.986 SPI  [W][u1u2:421]:     r41=B000 CRC on, scramble off, length byte on, FIFO-empty ends TX on, auto-ack off, flags active-high, CRC seed 00
 102.986 SPI  [W][u1u2:421]:     r35=4300 SLEEP (wakes on SS low), auto-ack retries 3, whitening seed 00
 102.986 SPI  [W][u1u2:421]:     r40=4401 FIFO empty/full thr 8/16, sync bit errors allowed 0
 102.986 SPI  [W][u1u2:421]:     r9=4800 TX power: PA current 4, gain 0
 102.986 SPI  [I][u1u2:429]:   registers written so far: r0 r1 r2 r4 r5 r7 r8 r9 r10 r11 r12 r13 r22 r23 r24 r25 r26 r27 r28 r32 r33 r34 r35 r36 r37 r38 r39 r40 r41 r42 r43 r52
 103.346 NRF  [W][nrf24:457]: [POWER ] #5  8B 02 C5 8C 4A F8 C2 10 00 70 00 7C 06 FC DA 0C FD | fan 0% | q 91% 8/8
 103.347 NRF  [I][nrf24:480]:          vs #4:  b5 F9>F8  b7 30>10  b11 79>7C  b12 16>06  b14 67>DA  b15 B5>0C
 105.213 NRF  [I][nrf24:712]: waiting for [POWER] presses | decoded 5 | noise bursts 10 | up 105s
 105.464 SPI  [I][u1u2:448]: ---- activity ----
 105.464 SPI  [I][u1u2:509]: +   0 ms  r7=0006 TX/RX off ch 6 = 2408 MHz                  07 00 06
 105.464 SPI  [I][u1u2:509]: +   0 ms  r52=8000 clear TX FIFO ptr                         34 80 00
 105.464 SPI  [W][u1u2:360]: +   1 ms  TX PACKET 10 B  (last r7: ch 6 = 2408 MHz, 1 Mbps)
 105.464 SPI  [W][u1u2:365]:           09 5F 18 02 00 0E 20 CF 80 FF
 105.464 SPI  [I][u1u2:371]:           .. .. .. .. .. .. ^^ .. .. ^^  (^^ = differs from previous packet)
 105.464 SPI  [I][u1u2:374]:           byte 0 = length byte 9 -> matches
 105.464 SPI  [I][u1u2:509]: +   1 ms  r7=0106 TX_EN ch 6 = 2408 MHz                      07 01 06
 105.464 SPI  [I][u1u2:492]: +   1 ms  read r48 (status: CRC err/sync/PKT/FIFO)           B0 B0 B0
 105.464 SPI  [I][u1u2:345]:           (same frame x5 more)
 105.464 SPI  [I][u1u2:509]: +   2 ms  r7=001A TX/RX off ch 26 = 2428 MHz                 07 00 1A
 105.464 SPI  [I][u1u2:509]: +   2 ms  r52=8000 clear TX FIFO ptr                         34 80 00
 105.464 SPI  [W][u1u2:360]: +   2 ms  TX PACKET 10 B  (last r7: ch 26 = 2428 MHz, 1 Mbps)
 105.464 SPI  [W][u1u2:365]:           09 5F 18 02 00 0E 20 CF 80 FF
 105.464 SPI  [I][u1u2:371]:           .. .. .. .. .. .. .. .. .. ..  (^^ = differs from previous packet)
 105.464 SPI  [I][u1u2:374]:           byte 0 = length byte 9 -> matches
 105.464 SPI  [I][u1u2:509]: +   2 ms  r7=011A TX_EN ch 26 = 2428 MHz                     07 01 1A
 105.464 SPI  [I][u1u2:492]: +   2 ms  read r48 (status: CRC err/sync/PKT/FIFO)           B0 B0 B0
 105.464 SPI  [I][u1u2:345]:           (same frame x5 more)
 105.464 SPI  [I][u1u2:509]: +   3 ms  r7=003E TX/RX off ch 62 = 2464 MHz                 07 00 3E
 105.464 SPI  [I][u1u2:509]: +   3 ms  r52=8000 clear TX FIFO ptr                         34 80 00
 105.464 SPI  [W][u1u2:360]: +   4 ms  TX PACKET 10 B  (last r7: ch 62 = 2464 MHz, 1 Mbps)
 105.464 SPI  [W][u1u2:365]:           09 5F 18 02 00 0E 20 CF 80 FF
 105.464 SPI  [I][u1u2:371]:           .. .. .. .. .. .. .. .. .. ..  (^^ = differs from previous packet)
 105.464 SPI  [I][u1u2:374]:           byte 0 = length byte 9 -> matches
 105.464 SPI  [I][u1u2:509]: +   4 ms  r7=013E TX_EN ch 62 = 2464 MHz                     07 01 3E
 105.464 SPI  [I][u1u2:492]: +   4 ms  read r48 (status: CRC err/sync/PKT/FIFO)           B0 B0 B0
 105.464 SPI  [I][u1u2:345]:           (same frame x3 more)
 105.464 SPI  [I][u1u2:509]: +   4 ms  r7=004E TX/RX off ch 78 = 2480 MHz                 07 00 4E
 105.464 SPI  [I][u1u2:509]: +   4 ms  r52=8000 clear TX FIFO ptr                         34 80 00
 105.464 SPI  [W][u1u2:360]: +   5 ms  TX PACKET 10 B  (last r7: ch 78 = 2480 MHz, 1 Mbps)
 105.464 SPI  [W][u1u2:365]:           09 5F 18 02 00 0E 20 CF 80 FF
 105.464 SPI  [I][u1u2:371]:           .. .. .. .. .. .. .. .. .. ..  (^^ = differs from previous packet)
 105.464 SPI  [I][u1u2:374]:           byte 0 = length byte 9 -> matches
 105.510 SPI  [I][u1u2:509]: +   5 ms  r7=014E TX_EN ch 78 = 2480 MHz                     07 01 4E
 105.510 SPI  [I][u1u2:492]: +   5 ms  read r48 (status: CRC err/sync/PKT/FIFO)           B0 B0 B0
 105.510 SPI  [I][u1u2:345]:           (same frame x3 more)
 105.510 SPI  [I][u1u2:509]: +   6 ms  r7=0006 TX/RX off ch 6 = 2408 MHz                  07 00 06
 105.510 SPI  [I][u1u2:509]: +   6 ms  r52=8000 clear TX FIFO ptr                         34 80 00
 105.510 SPI  [W][u1u2:360]: +   6 ms  TX PACKET 10 B  (last r7: ch 6 = 2408 MHz, 1 Mbps)
 105.510 SPI  [W][u1u2:365]:           09 5F 18 02 00 0E 20 CF 80 FF
 105.510 SPI  [I][u1u2:371]:           .. .. .. .. .. .. .. .. .. ..  (^^ = differs from previous packet)
 105.510 SPI  [I][u1u2:374]:           byte 0 = length byte 9 -> matches
 105.510 SPI  [I][u1u2:509]: +   6 ms  r7=0106 TX_EN ch 6 = 2408 MHz                      07 01 06
 105.510 SPI  [I][u1u2:492]: +   6 ms  read r48 (status: CRC err/sync/PKT/FIFO)           B0 B0 B0
 105.510 SPI  [I][u1u2:345]:           (same frame x2 more)
 105.510 SPI  [I][u1u2:509]: +   7 ms  r7=001A TX/RX off ch 26 = 2428 MHz                 07 00 1A
 105.510 SPI  [I][u1u2:509]: +   7 ms  r52=8000 clear TX FIFO ptr                         34 80 00
 105.510 SPI  [W][u1u2:360]: +   7 ms  TX PACKET 10 B  (last r7: ch 26 = 2428 MHz, 1 Mbps)
 105.510 SPI  [W][u1u2:365]:           09 5F 18 02 00 0E 20 CF 80 FF
 105.510 SPI  [I][u1u2:371]:           .. .. .. .. .. .. .. .. .. ..  (^^ = differs from previous packet)
 105.510 SPI  [I][u1u2:374]:           byte 0 = length byte 9 -> matches
 105.510 SPI  [I][u1u2:509]: +   7 ms  r7=011A TX_EN ch 26 = 2428 MHz                     07 01 1A
 105.510 SPI  [I][u1u2:492]: +   7 ms  read r48 (status: CRC err/sync/PKT/FIFO)           B0 B0 B0
 105.510 SPI  [I][u1u2:345]:           (same frame x2 more)
 105.510 SPI  [I][u1u2:509]: +   8 ms  r7=003E TX/RX off ch 62 = 2464 MHz                 07 00 3E
 105.510 SPI  [I][u1u2:509]: +   8 ms  r52=8000 clear TX FIFO ptr                         34 80 00
 105.510 SPI  [W][u1u2:360]: +   8 ms  TX PACKET 10 B  (last r7: ch 62 = 2464 MHz, 1 Mbps)
 105.510 SPI  [W][u1u2:365]:           09 5F 18 02 00 0E 20 CF 80 FF
 105.510 SPI  [I][u1u2:371]:           .. .. .. .. .. .. .. .. .. ..  (^^ = differs from previous packet)
 105.510 SPI  [I][u1u2:374]:           byte 0 = length byte 9 -> matches
 105.510 SPI  [I][u1u2:509]: +   8 ms  r7=013E TX_EN ch 62 = 2464 MHz                     07 01 3E
 105.510 SPI  [I][u1u2:492]: +   8 ms  read r48 (status: CRC err/sync/PKT/FIFO)           B0 B0 B0
 105.510 SPI  [I][u1u2:345]:           (same frame x2 more)
 105.510 SPI  [I][u1u2:509]: +   9 ms  r7=004E TX/RX off ch 78 = 2480 MHz                 07 00 4E
 105.510 SPI  [I][u1u2:509]: +   9 ms  r52=8000 clear TX FIFO ptr                         34 80 00
 105.510 SPI  [W][u1u2:360]: +   9 ms  TX PACKET 10 B  (last r7: ch 78 = 2480 MHz, 1 Mbps)
 105.510 SPI  [W][u1u2:365]:           09 5F 18 02 00 0E 20 CF 80 FF
 105.510 SPI  [I][u1u2:371]:           .. .. .. .. .. .. .. .. .. ..  (^^ = differs from previous packet)
 105.510 SPI  [I][u1u2:374]:           byte 0 = length byte 9 -> matches
 105.510 SPI  [I][u1u2:509]: +   9 ms  r7=014E TX_EN ch 78 = 2480 MHz                     07 01 4E
 105.510 SPI  [I][u1u2:492]: +   9 ms  read r48 (status: CRC err/sync/PKT/FIFO)           B0 B0 B0
 105.510 SPI  [I][u1u2:345]:           (same frame x2 more)
 105.510 SPI  [I][u1u2:509]: +  43 ms  r7=0006 TX/RX off ch 6 = 2408 MHz                  07 00 06
 105.510 SPI  [I][u1u2:509]: +  43 ms  r52=8000 clear TX FIFO ptr                         34 80 00
 105.510 SPI  [W][u1u2:360]: +  43 ms  TX PACKET 10 B  (last r7: ch 6 = 2408 MHz, 1 Mbps)
 105.510 SPI  [W][u1u2:365]:           09 5F 18 02 00 0E 20 CF 80 FF
 105.510 SPI  [I][u1u2:371]:           .. .. .. .. .. .. .. .. .. ..  (^^ = differs from previous packet)
 105.510 SPI  [I][u1u2:374]:           byte 0 = length byte 9 -> matches
 105.510 SPI  [I][u1u2:509]: +  43 ms  r7=0106 TX_EN ch 6 = 2408 MHz                      07 01 06
 105.510 SPI  [I][u1u2:492]: +  43 ms  read r48 (status: CRC err/sync/PKT/FIFO)           B0 B0 B0
 105.510 SPI  [I][u1u2:345]:           (same frame x5 more)
 105.556 SPI  [I][u1u2:509]: +  44 ms  r7=001A TX/RX off ch 26 = 2428 MHz                 07 00 1A
 105.556 SPI  [I][u1u2:509]: +  44 ms  r52=8000 clear TX FIFO ptr                         34 80 00
 105.556 SPI  [W][u1u2:360]: +  44 ms  TX PACKET 10 B  (last r7: ch 26 = 2428 MHz, 1 Mbps)
 105.556 SPI  [W][u1u2:365]:           09 5F 18 02 00 0E 20 CF 80 FF
 105.556 SPI  [I][u1u2:371]:           .. .. .. .. .. .. .. .. .. ..  (^^ = differs from previous packet)
 105.556 SPI  [I][u1u2:374]:           byte 0 = length byte 9 -> matches
 105.556 SPI  [I][u1u2:509]: +  45 ms  r7=011A TX_EN ch 26 = 2428 MHz                     07 01 1A
 105.556 SPI  [I][u1u2:492]: +  45 ms  read r48 (status: CRC err/sync/PKT/FIFO)           B0 B0 B0
 105.556 SPI  [I][u1u2:345]:           (same frame x5 more)
 105.556 SPI  [I][u1u2:509]: +  45 ms  r7=003E TX/RX off ch 62 = 2464 MHz                 07 00 3E
 105.556 SPI  [I][u1u2:509]: +  45 ms  r52=8000 clear TX FIFO ptr                         34 80 00
 105.556 SPI  [W][u1u2:360]: +  46 ms  TX PACKET 10 B  (last r7: ch 62 = 2464 MHz, 1 Mbps)
 105.556 SPI  [W][u1u2:365]:           09 5F 18 02 00 0E 20 CF 80 FF
 105.556 SPI  [I][u1u2:371]:           .. .. .. .. .. .. .. .. .. ..  (^^ = differs from previous packet)
 105.556 SPI  [I][u1u2:374]:           byte 0 = length byte 9 -> matches
 105.556 SPI  [I][u1u2:509]: +  46 ms  r7=013E TX_EN ch 62 = 2464 MHz                     07 01 3E
 105.556 SPI  [I][u1u2:492]: +  46 ms  read r48 (status: CRC err/sync/PKT/FIFO)           B0 B0 B0
 105.557 SPI  [I][u1u2:345]:           (same frame x4 more)
 105.557 SPI  [W][u1u2:360]: +  47 ms  TX PACKET 10 B  (last r7: ch 62 = 2464 MHz, 1 Mbps)
 105.557 SPI  [W][u1u2:365]:           09 5F 18 02 00 0E 20 CF 80 FF
 105.557 SPI  [I][u1u2:371]:           .. .. .. .. .. .. .. .. .. ..  (^^ = differs from previous packet)
 105.557 SPI  [I][u1u2:374]:           byte 0 = length byte 9 -> matches
 105.557 SPI  [I][u1u2:492]: +  49 ms  read r48 (status: CRC err/sync/PKT/FIFO)           B0 B0 B0
 105.557 SPI  [I][u1u2:509]: +  49 ms  r7=001A TX/RX off ch 26 = 2428 MHz                 07 00 1A
 105.557 SPI  [I][u1u2:509]: +  98 ms  r7=0006 TX/RX off ch 6 = 2408 MHz                  07 00 06
 105.557 SPI  [I][u1u2:509]: +  98 ms  r52=8000 clear TX FIFO ptr                         34 80 00
 105.557 SPI  [W][u1u2:360]: +  99 ms  TX PACKET 10 B  (last r7: ch 6 = 2408 MHz, 1 Mbps)
 105.557 SPI  [W][u1u2:365]:           09 5F 18 02 00 0E 20 CF 80 FF
 105.557 SPI  [I][u1u2:371]:           .. .. .. .. .. .. .. .. .. ..  (^^ = differs from previous packet)
 105.557 SPI  [I][u1u2:374]:           byte 0 = length byte 9 -> matches
 105.557 SPI  [I][u1u2:509]: +  99 ms  r7=0106 TX_EN ch 6 = 2408 MHz                      07 01 06
 105.557 SPI  [I][u1u2:492]: +  99 ms  read r48 (status: CRC err/sync/PKT/FIFO)           B0 B0 B0
 105.557 SPI  [I][u1u2:345]:           (same frame x5 more)
 105.557 SPI  [I][u1u2:509]: + 100 ms  r7=001A TX/RX off ch 26 = 2428 MHz                 07 00 1A
 105.557 SPI  [I][u1u2:509]: + 100 ms  r52=8000 clear TX FIFO ptr                         34 80 00
 105.557 SPI  [W][u1u2:360]: + 100 ms  TX PACKET 10 B  (last r7: ch 26 = 2428 MHz, 1 Mbps)
 105.557 SPI  [W][u1u2:365]:           09 5F 18 02 00 0E 20 CF 80 FF
 105.557 SPI  [I][u1u2:371]:           .. .. .. .. .. .. .. .. .. ..  (^^ = differs from previous packet)
 105.557 SPI  [I][u1u2:374]:           byte 0 = length byte 9 -> matches
 105.557 SPI  [I][u1u2:509]: + 100 ms  r7=011A TX_EN ch 26 = 2428 MHz                     07 01 1A
 105.557 SPI  [I][u1u2:492]: + 100 ms  read r48 (status: CRC err/sync/PKT/FIFO)           B0 B0 B0
 105.557 SPI  [I][u1u2:345]:           (same frame x5 more)
 105.557 SPI  [I][u1u2:509]: + 101 ms  r7=003E TX/RX off ch 62 = 2464 MHz                 07 00 3E
 105.557 SPI  [I][u1u2:509]: + 101 ms  r52=8000 clear TX FIFO ptr                         34 80 00
 105.557 SPI  [W][u1u2:360]: + 102 ms  TX PACKET 10 B  (last r7: ch 62 = 2464 MHz, 1 Mbps)
 105.557 SPI  [W][u1u2:365]:           09 5F 18 02 00 0E 20 CF 80 FF
 105.557 SPI  [I][u1u2:371]:           .. .. .. .. .. .. .. .. .. ..  (^^ = differs from previous packet)
 105.604 SPI  [I][u1u2:374]:           byte 0 = length byte 9 -> matches
 105.604 SPI  [I][u1u2:509]: + 102 ms  r7=013E TX_EN ch 62 = 2464 MHz                     07 01 3E
 105.604 SPI  [I][u1u2:492]: + 102 ms  read r48 (status: CRC err/sync/PKT/FIFO)           B0 B0 B0
 105.604 SPI  [I][u1u2:345]:           (same frame x2 more)
 105.604 SPI  [I][u1u2:509]: + 102 ms  r7=004E TX/RX off ch 78 = 2480 MHz                 07 00 4E
 105.604 SPI  [I][u1u2:509]: + 102 ms  r52=8000 clear TX FIFO ptr                         34 80 00
 105.604 SPI  [W][u1u2:360]: + 103 ms  TX PACKET 10 B  (last r7: ch 78 = 2480 MHz, 1 Mbps)
 105.604 SPI  [W][u1u2:365]:           09 5F 18 02 00 0E 20 CF 80 FF
 105.604 SPI  [I][u1u2:371]:           .. .. .. .. .. .. .. .. .. ..  (^^ = differs from previous packet)
 105.604 SPI  [I][u1u2:374]:           byte 0 = length byte 9 -> matches
 105.604 SPI  [I][u1u2:509]: + 103 ms  r7=014E TX_EN ch 78 = 2480 MHz                     07 01 4E
 105.604 SPI  [I][u1u2:492]: + 103 ms  read r48 (status: CRC err/sync/PKT/FIFO)           B0 B0 B0
 105.604 SPI  [I][u1u2:345]:           (same frame x2 more)
 105.604 SPI  [I][u1u2:509]: + 103 ms  r7=0006 TX/RX off ch 6 = 2408 MHz                  07 00 06
 105.604 SPI  [I][u1u2:509]: + 103 ms  r52=8000 clear TX FIFO ptr                         34 80 00
 105.604 SPI  [W][u1u2:360]: + 104 ms  TX PACKET 10 B  (last r7: ch 6 = 2408 MHz, 1 Mbps)
 105.604 SPI  [W][u1u2:365]:           09 5F 18 02 00 0E 20 CF 80 FF
 105.604 SPI  [I][u1u2:371]:           .. .. .. .. .. .. .. .. .. ..  (^^ = differs from previous packet)
 105.604 SPI  [I][u1u2:374]:           byte 0 = length byte 9 -> matches
 105.604 SPI  [I][u1u2:509]: + 104 ms  r7=0106 TX_EN ch 6 = 2408 MHz                      07 01 06
 105.604 SPI  [I][u1u2:492]: + 104 ms  read r48 (status: CRC err/sync/PKT/FIFO)           B0 B0 B0
 105.604 SPI  [I][u1u2:345]:           (same frame x2 more)
 105.604 SPI  [I][u1u2:509]: + 105 ms  r7=001A TX/RX off ch 26 = 2428 MHz                 07 00 1A
 105.604 SPI  [I][u1u2:509]: + 105 ms  r52=8000 clear TX FIFO ptr                         34 80 00
 105.604 SPI  [W][u1u2:360]: + 105 ms  TX PACKET 10 B  (last r7: ch 26 = 2428 MHz, 1 Mbps)
 105.604 SPI  [W][u1u2:365]:           09 5F 18 02 00 0E 20 CF 80 FF
 105.604 SPI  [I][u1u2:371]:           .. .. .. .. .. .. .. .. .. ..  (^^ = differs from previous packet)
 105.604 SPI  [I][u1u2:374]:           byte 0 = length byte 9 -> matches
 105.604 SPI  [I][u1u2:509]: + 105 ms  r7=011A TX_EN ch 26 = 2428 MHz                     07 01 1A
 105.604 SPI  [I][u1u2:492]: + 105 ms  read r48 (status: CRC err/sync/PKT/FIFO)           B0 B0 B0
 105.604 SPI  [I][u1u2:509]: + 154 ms  r7=0006 TX/RX off ch 6 = 2408 MHz                  07 00 06
 105.604 SPI  [I][u1u2:509]: + 154 ms  r52=8000 clear TX FIFO ptr                         34 80 00
 105.604 SPI  [W][u1u2:360]: + 154 ms  TX PACKET 10 B  (last r7: ch 6 = 2408 MHz, 1 Mbps)
 105.604 SPI  [W][u1u2:365]:           09 5F 18 02 00 0E 20 CF 80 FF
 105.604 SPI  [I][u1u2:371]:           .. .. .. .. .. .. .. .. .. ..  (^^ = differs from previous packet)
 105.604 SPI  [I][u1u2:374]:           byte 0 = length byte 9 -> matches
 105.604 SPI  [I][u1u2:509]: + 154 ms  r7=0106 TX_EN ch 6 = 2408 MHz                      07 01 06
 105.604 SPI  [I][u1u2:492]: + 154 ms  read r48 (status: CRC err/sync/PKT/FIFO)           B0 B0 B0
 105.604 SPI  [I][u1u2:345]:           (same frame x5 more)
 105.604 SPI  [I][u1u2:509]: + 155 ms  r7=001A TX/RX off ch 26 = 2428 MHz                 07 00 1A
 105.604 SPI  [I][u1u2:509]: + 155 ms  r52=8000 clear TX FIFO ptr                         34 80 00
 105.604 SPI  [W][u1u2:360]: + 156 ms  TX PACKET 10 B  (last r7: ch 26 = 2428 MHz, 1 Mbps)
 105.604 SPI  [W][u1u2:365]:           09 5F 18 02 00 0E 20 CF 80 FF
 105.604 SPI  [I][u1u2:371]:           .. .. .. .. .. .. .. .. .. ..  (^^ = differs from previous packet)
 105.604 SPI  [I][u1u2:374]:           byte 0 = length byte 9 -> matches
 105.604 SPI  [I][u1u2:509]: + 156 ms  r7=011A TX_EN ch 26 = 2428 MHz                     07 01 1A
 105.604 SPI  [I][u1u2:492]: + 156 ms  read r48 (status: CRC err/sync/PKT/FIFO)           B0 B0 B0
 105.652 SPI  [I][u1u2:345]:           (same frame x5 more)
 105.652 SPI  [I][u1u2:509]: + 157 ms  r7=003E TX/RX off ch 62 = 2464 MHz                 07 00 3E
 105.652 SPI  [I][u1u2:509]: + 157 ms  r52=8000 clear TX FIFO ptr                         34 80 00
 105.652 SPI  [W][u1u2:360]: + 157 ms  TX PACKET 10 B  (last r7: ch 62 = 2464 MHz, 1 Mbps)
 105.652 SPI  [W][u1u2:365]:           09 5F 18 02 00 0E 20 CF 80 FF
 105.652 SPI  [I][u1u2:371]:           .. .. .. .. .. .. .. .. .. ..  (^^ = differs from previous packet)
 105.652 SPI  [I][u1u2:374]:           byte 0 = length byte 9 -> matches
 105.652 SPI  [I][u1u2:509]: + 157 ms  r7=013E TX_EN ch 62 = 2464 MHz                     07 01 3E
 105.652 SPI  [I][u1u2:492]: + 157 ms  read r48 (status: CRC err/sync/PKT/FIFO)           B0 B0 B0
 105.652 SPI  [I][u1u2:345]:           (same frame x5 more)
 105.652 SPI  [I][u1u2:509]: + 158 ms  r7=004E TX/RX off ch 78 = 2480 MHz                 07 00 4E
 105.652 SPI  [I][u1u2:509]: + 158 ms  r52=8000 clear TX FIFO ptr                         34 80 00
 105.652 SPI  [W][u1u2:360]: + 158 ms  TX PACKET 10 B  (last r7: ch 78 = 2480 MHz, 1 Mbps)
 105.652 SPI  [W][u1u2:365]:           09 5F 18 02 00 0E 20 CF 80 FF
 105.652 SPI  [I][u1u2:371]:           .. .. .. .. .. .. .. .. .. ..  (^^ = differs from previous packet)
 105.652 SPI  [I][u1u2:374]:           byte 0 = length byte 9 -> matches
 105.652 SPI  [I][u1u2:509]: + 158 ms  r7=014E TX_EN ch 78 = 2480 MHz                     07 01 4E
 105.652 SPI  [I][u1u2:492]: + 158 ms  read r48 (status: CRC err/sync/PKT/FIFO)           B0 B0 B0
 105.652 SPI  [I][u1u2:345]:           (same frame x3 more)
 105.652 SPI  [I][u1u2:509]: + 159 ms  r7=0006 TX/RX off ch 6 = 2408 MHz                  07 00 06
 105.652 SPI  [I][u1u2:509]: + 159 ms  r52=8000 clear TX FIFO ptr                         34 80 00
 105.652 SPI  [W][u1u2:360]: + 159 ms  TX PACKET 10 B  (last r7: ch 6 = 2408 MHz, 1 Mbps)
 105.652 SPI  [W][u1u2:365]:           09 5F 18 02 00 0E 20 CF 80 FF
 105.652 SPI  [I][u1u2:371]:           .. .. .. .. .. .. .. .. .. ..  (^^ = differs from previous packet)
 105.652 SPI  [I][u1u2:374]:           byte 0 = length byte 9 -> matches
 105.652 SPI  [I][u1u2:509]: + 159 ms  r7=0106 TX_EN ch 6 = 2408 MHz                      07 01 06
 105.652 SPI  [I][u1u2:492]: + 160 ms  read r48 (status: CRC err/sync/PKT/FIFO)           B0 B0 B0
 105.652 SPI  [I][u1u2:345]:           (same frame x2 more)
 105.652 SPI  [I][u1u2:509]: + 160 ms  r7=001A TX/RX off ch 26 = 2428 MHz                 07 00 1A
 105.652 SPI  [I][u1u2:509]: + 160 ms  r52=8000 clear TX FIFO ptr                         34 80 00
 105.652 SPI  [W][u1u2:360]: + 161 ms  TX PACKET 10 B  (last r7: ch 26 = 2428 MHz, 1 Mbps)
 105.652 SPI  [W][u1u2:365]:           09 5F 18 02 00 0E 20 CF 80 FF
 105.652 SPI  [I][u1u2:371]:           .. .. .. .. .. .. .. .. .. ..  (^^ = differs from previous packet)
 105.652 SPI  [I][u1u2:374]:           byte 0 = length byte 9 -> matches
 105.652 SPI  [I][u1u2:509]: + 161 ms  r7=011A TX_EN ch 26 = 2428 MHz                     07 01 1A
 105.652 SPI  [I][u1u2:492]: + 161 ms  read r48 (status: CRC err/sync/PKT/FIFO)           B0 B0 B0
 105.652 SPI  [I][u1u2:345]:           (same frame x2 more)
 105.652 SPI  [I][u1u2:509]: + 161 ms  r7=003E TX/RX off ch 62 = 2464 MHz                 07 00 3E
 105.652 SPI  [I][u1u2:509]: + 161 ms  r52=8000 clear TX FIFO ptr                         34 80 00
 105.652 SPI  [I][u1u2:509]: + 162 ms  r7=004E TX/RX off ch 78 = 2480 MHz                 07 00 4E
 105.652 SPI  [I][u1u2:509]: + 162 ms  r52=8000 clear TX FIFO ptr                         34 80 00
 105.652 SPI  [I][u1u2:509]: + 209 ms  r7=0006 TX/RX off ch 6 = 2408 MHz                  07 00 06
 105.652 SPI  [I][u1u2:509]: + 209 ms  r52=8000 clear TX FIFO ptr                         34 80 00
 105.652 SPI  [W][u1u2:360]: + 210 ms  TX PACKET 10 B  (last r7: ch 6 = 2408 MHz, 1 Mbps)
 105.652 SPI  [W][u1u2:365]:           09 5F 18 02 00 0E 20 CF 80 FF
 105.652 SPI  [I][u1u2:371]:           .. .. .. .. .. .. .. .. .. ..  (^^ = differs from previous packet)
 105.652 SPI  [I][u1u2:374]:           byte 0 = length byte 9 -> matches
 105.697 SPI  [I][u1u2:509]: + 210 ms  r7=0106 TX_EN ch 6 = 2408 MHz                      07 01 06
 105.697 SPI  [I][u1u2:492]: + 210 ms  read r48 (status: CRC err/sync/PKT/FIFO)           B0 B0 B0
 105.697 SPI  [I][u1u2:345]:           (same frame x5 more)
 105.697 SPI  [I][u1u2:509]: + 211 ms  r7=001A TX/RX off ch 26 = 2428 MHz                 07 00 1A
 105.697 SPI  [I][u1u2:509]: + 211 ms  r52=8000 clear TX FIFO ptr                         34 80 00
 105.697 SPI  [W][u1u2:360]: + 211 ms  TX PACKET 10 B  (last r7: ch 26 = 2428 MHz, 1 Mbps)
 105.697 SPI  [W][u1u2:365]:           09 5F 18 02 00 0E 20 CF 80 FF
 105.697 SPI  [I][u1u2:371]:           .. .. .. .. .. .. .. .. .. ..  (^^ = differs from previous packet)
 105.697 SPI  [I][u1u2:374]:           byte 0 = length byte 9 -> matches
 105.697 SPI  [I][u1u2:509]: + 211 ms  r7=011A TX_EN ch 26 = 2428 MHz                     07 01 1A
 105.697 SPI  [I][u1u2:492]: + 211 ms  read r48 (status: CRC err/sync/PKT/FIFO)           B0 B0 B0
 105.697 SPI  [I][u1u2:345]:           (same frame x5 more)
 105.697 SPI  [I][u1u2:509]: + 212 ms  r7=003E TX/RX off ch 62 = 2464 MHz                 07 00 3E
 105.697 SPI  [I][u1u2:509]: + 212 ms  r52=8000 clear TX FIFO ptr                         34 80 00
 105.697 SPI  [W][u1u2:360]: + 213 ms  TX PACKET 10 B  (last r7: ch 62 = 2464 MHz, 1 Mbps)
 105.697 SPI  [W][u1u2:365]:           09 5F 18 02 00 0E 20 CF 80 FF
 105.697 SPI  [I][u1u2:371]:           .. .. .. .. .. .. .. .. .. ..  (^^ = differs from previous packet)
 105.697 SPI  [I][u1u2:374]:           byte 0 = length byte 9 -> matches
 105.697 SPI  [I][u1u2:509]: + 213 ms  r7=013E TX_EN ch 62 = 2464 MHz                     07 01 3E
 105.697 SPI  [I][u1u2:492]: + 213 ms  read r48 (status: CRC err/sync/PKT/FIFO)           B0 B0 B0
 105.697 SPI  [I][u1u2:345]:           (same frame x5 more)
 105.697 SPI  [I][u1u2:509]: + 213 ms  r7=004E TX/RX off ch 78 = 2480 MHz                 07 00 4E
 105.697 SPI  [I][u1u2:509]: + 213 ms  r52=8000 clear TX FIFO ptr                         34 80 00
 105.698 SPI  [W][u1u2:360]: + 214 ms  TX PACKET 10 B  (last r7: ch 78 = 2480 MHz, 1 Mbps)
 105.698 SPI  [W][u1u2:365]:           09 5F 18 02 00 0E 20 CF 80 FF
 105.698 SPI  [I][u1u2:371]:           .. .. .. .. .. .. .. .. .. ..  (^^ = differs from previous packet)
 105.698 SPI  [I][u1u2:374]:           byte 0 = length byte 9 -> matches
 105.698 SPI  [I][u1u2:509]: + 214 ms  r7=014E TX_EN ch 78 = 2480 MHz                     07 01 4E
 105.698 SPI  [I][u1u2:492]: + 214 ms  read r48 (status: CRC err/sync/PKT/FIFO)           B0 B0 B0
 105.698 SPI  [I][u1u2:345]:           (same frame x3 more)
 105.698 SPI  [I][u1u2:509]: + 215 ms  r7=0006 TX/RX off ch 6 = 2408 MHz                  07 00 06
 105.698 SPI  [I][u1u2:509]: + 215 ms  r52=8000 clear TX FIFO ptr                         34 80 00
 105.698 SPI  [W][u1u2:360]: + 215 ms  TX PACKET 10 B  (last r7: ch 6 = 2408 MHz, 1 Mbps)
 105.698 SPI  [W][u1u2:365]:           09 5F 18 02 00 0E 20 CF 80 FF
 105.698 SPI  [I][u1u2:371]:           .. .. .. .. .. .. .. .. .. ..  (^^ = differs from previous packet)
 105.698 SPI  [I][u1u2:374]:           byte 0 = length byte 9 -> matches
 105.698 SPI  [I][u1u2:509]: + 215 ms  r7=0106 TX_EN ch 6 = 2408 MHz                      07 01 06
 105.698 SPI  [I][u1u2:492]: + 215 ms  read r48 (status: CRC err/sync/PKT/FIFO)           B0 B0 B0
 105.698 SPI  [I][u1u2:345]:           (same frame x2 more)
 105.698 SPI  [I][u1u2:509]: + 216 ms  r7=001A TX/RX off ch 26 = 2428 MHz                 07 00 1A
 105.698 SPI  [I][u1u2:509]: + 216 ms  r52=8000 clear TX FIFO ptr                         34 80 00
 105.698 SPI  [W][u1u2:360]: + 216 ms  TX PACKET 10 B  (last r7: ch 26 = 2428 MHz, 1 Mbps)
 105.698 SPI  [W][u1u2:365]:           09 5F 18 02 00 0E 20 CF 80 FF
 105.698 SPI  [I][u1u2:371]:           .. .. .. .. .. .. .. .. .. ..  (^^ = differs from previous packet)
 105.698 SPI  [I][u1u2:374]:           byte 0 = length byte 9 -> matches
 105.698 SPI  [I][u1u2:509]: + 216 ms  r7=011A TX_EN ch 26 = 2428 MHz                     07 01 1A
 105.698 SPI  [I][u1u2:492]: + 216 ms  read r48 (status: CRC err/sync/PKT/FIFO)           B0 B0 B0
 105.802 SPI  [I][u1u2:435]: ---- quiet: 248 frames, 30 TX packets, 0 FIFO reads, 0 PKT flags ----
 105.802 SPI  [W][u1u2:410]: LT8920 CONFIG  (* = never written by U1, power-up default)
 105.802 SPI  [W][u1u2:421]:     r7=011A TX_EN ch 26 = 2428 MHz
 105.802 SPI  [W][u1u2:421]:   * r44=0100 data rate 1 Mbps
 105.802 SPI  [W][u1u2:421]:   * r45=0080 modem option (0080/0152 = 1 Mbps, 0552 = slower)
 105.802 SPI  [W][u1u2:421]:     r32=4800 preamble 3 B, sync 32 bit, trailer 4 bit, NRZ, no FEC
 105.802 SPI  [W][u1u2:417]:     SYNC WORD r39 r36 = 1982 0516  (32 bit, r36 LSB first on air)
 105.802 SPI  [W][u1u2:421]:     r41=B000 CRC on, scramble off, length byte on, FIFO-empty ends TX on, auto-ack off, flags active-high, CRC seed 00
 105.802 SPI  [W][u1u2:421]:     r35=4300 SLEEP (wakes on SS low), auto-ack retries 3, whitening seed 00
 105.802 SPI  [W][u1u2:421]:     r40=4401 FIFO empty/full thr 8/16, sync bit errors allowed 0
 105.802 SPI  [W][u1u2:421]:     r9=4800 TX power: PA current 4, gain 0
 105.802 SPI  [I][u1u2:429]:   registers written so far: r0 r1 r2 r4 r5 r7 r8 r9 r10 r11 r12 r13 r22 r23 r24 r25 r26 r27 r28 r32 r33 r34 r35 r36 r37 r38 r39 r40 r41 r42 r43 r52
 106.141 NRF  [W][nrf24:457]: [POWER ] #6  8B 0A C5 8C 4A F9 C2 B0 00 70 00 79 16 FC 67 35 FD | fan 20% | q 90% 9/9
 106.141 NRF  [I][nrf24:480]:          vs #5:  b1 02>0A  b5 F8>F9  b7 10>B0  b11 7C>79  b12 06>16  b14 DA>67  (+1 more)
 106.141 NRF  [W][component:421]: interval took a long time for an operation (86 ms), max is 70 ms
 108.037 SPI  [I][u1u2:448]: ---- activity ----
 108.037 SPI  [I][u1u2:509]: +   0 ms  r7=0006 TX/RX off ch 6 = 2408 MHz                  07 00 06
 108.037 SPI  [I][u1u2:509]: +   0 ms  r52=8000 clear TX FIFO ptr                         34 80 00
 108.037 SPI  [W][u1u2:360]: +   1 ms  TX PACKET 10 B  (last r7: ch 6 = 2408 MHz, 1 Mbps)
 108.037 SPI  [W][u1u2:365]:           09 5F 18 02 00 0E 80 CF 80 5F
 108.037 SPI  [I][u1u2:371]:           .. .. .. .. .. .. ^^ .. .. ^^  (^^ = differs from previous packet)
 108.037 SPI  [I][u1u2:374]:           byte 0 = length byte 9 -> matches
 108.037 SPI  [I][u1u2:509]: +   1 ms  r7=0106 TX_EN ch 6 = 2408 MHz                      07 01 06
 108.037 SPI  [I][u1u2:492]: +   1 ms  read r48 (status: CRC err/sync/PKT/FIFO)           B0 B0 B0
 108.037 SPI  [I][u1u2:345]:           (same frame x5 more)
 108.037 SPI  [I][u1u2:509]: +   2 ms  r7=001A TX/RX off ch 26 = 2428 MHz                 07 00 1A
 108.037 SPI  [I][u1u2:509]: +   2 ms  r52=8000 clear TX FIFO ptr                         34 80 00
 108.037 SPI  [W][u1u2:360]: +   2 ms  TX PACKET 10 B  (last r7: ch 26 = 2428 MHz, 1 Mbps)
 108.037 SPI  [W][u1u2:365]:           09 5F 18 02 00 0E 80 CF 80 5F
 108.037 SPI  [I][u1u2:371]:           .. .. .. .. .. .. .. .. .. ..  (^^ = differs from previous packet)
 108.037 SPI  [I][u1u2:374]:           byte 0 = length byte 9 -> matches
 108.037 SPI  [I][u1u2:509]: +   2 ms  r7=011A TX_EN ch 26 = 2428 MHz                     07 01 1A
 108.037 SPI  [I][u1u2:492]: +   2 ms  read r48 (status: CRC err/sync/PKT/FIFO)           B0 B0 B0
 108.037 SPI  [I][u1u2:345]:           (same frame x5 more)
 108.037 SPI  [I][u1u2:509]: +   3 ms  r7=003E TX/RX off ch 62 = 2464 MHz                 07 00 3E
 108.037 SPI  [I][u1u2:509]: +   3 ms  r52=8000 clear TX FIFO ptr                         34 80 00
 108.037 SPI  [W][u1u2:360]: +   3 ms  TX PACKET 10 B  (last r7: ch 62 = 2464 MHz, 1 Mbps)
 108.037 SPI  [W][u1u2:365]:           09 5F 18 02 00 0E 80 CF 80 5F
 108.037 SPI  [I][u1u2:371]:           .. .. .. .. .. .. .. .. .. ..  (^^ = differs from previous packet)
 108.037 SPI  [I][u1u2:374]:           byte 0 = length byte 9 -> matches
 108.037 SPI  [I][u1u2:509]: +   4 ms  r7=013E TX_EN ch 62 = 2464 MHz                     07 01 3E
 108.037 SPI  [I][u1u2:492]: +   4 ms  read r48 (status: CRC err/sync/PKT/FIFO)           B0 B0 B0
 108.037 SPI  [I][u1u2:345]:           (same frame x4 more)
 108.037 SPI  [I][u1u2:509]: +   4 ms  r7=004E TX/RX off ch 78 = 2480 MHz                 07 00 4E
 108.037 SPI  [I][u1u2:509]: +   4 ms  r52=8000 clear TX FIFO ptr                         34 80 00
 108.037 SPI  [W][u1u2:360]: +   5 ms  TX PACKET 10 B  (last r7: ch 78 = 2480 MHz, 1 Mbps)
 108.037 SPI  [W][u1u2:365]:           09 5F 18 02 00 0E 80 CF 80 5F
 108.037 SPI  [I][u1u2:371]:           .. .. .. .. .. .. .. .. .. ..  (^^ = differs from previous packet)
 108.037 SPI  [I][u1u2:374]:           byte 0 = length byte 9 -> matches
 108.037 SPI  [I][u1u2:509]: +   5 ms  r7=014E TX_EN ch 78 = 2480 MHz                     07 01 4E
 108.037 SPI  [I][u1u2:492]: +   5 ms  read r48 (status: CRC err/sync/PKT/FIFO)           B0 B0 B0
 108.037 SPI  [I][u1u2:345]:           (same frame x2 more)
 108.037 SPI  [I][u1u2:509]: +   5 ms  r7=0006 TX/RX off ch 6 = 2408 MHz                  07 00 06
 108.037 SPI  [I][u1u2:509]: +   6 ms  r52=8000 clear TX FIFO ptr                         34 80 00
 108.037 SPI  [W][u1u2:360]: +   6 ms  TX PACKET 10 B  (last r7: ch 6 = 2408 MHz, 1 Mbps)
 108.037 SPI  [W][u1u2:365]:           09 5F 18 02 00 0E 80 CF 80 5F
 108.037 SPI  [I][u1u2:371]:           .. .. .. .. .. .. .. .. .. ..  (^^ = differs from previous packet)
 108.037 SPI  [I][u1u2:374]:           byte 0 = length byte 9 -> matches
 108.037 SPI  [I][u1u2:509]: +   6 ms  r7=0106 TX_EN ch 6 = 2408 MHz                      07 01 06
 108.037 SPI  [I][u1u2:492]: +   6 ms  read r48 (status: CRC err/sync/PKT/FIFO)           B0 B0 B0
 108.037 SPI  [I][u1u2:345]:           (same frame x2 more)
 108.037 SPI  [I][u1u2:509]: +   7 ms  r7=001A TX/RX off ch 26 = 2428 MHz                 07 00 1A
 108.084 SPI  [I][u1u2:509]: +   7 ms  r52=8000 clear TX FIFO ptr                         34 80 00
 108.084 SPI  [W][u1u2:360]: +   7 ms  TX PACKET 10 B  (last r7: ch 26 = 2428 MHz, 1 Mbps)
 108.084 SPI  [W][u1u2:365]:           09 5F 18 02 00 0E 80 CF 80 5F
 108.085 SPI  [I][u1u2:371]:           .. .. .. .. .. .. .. .. .. ..  (^^ = differs from previous packet)
 108.085 SPI  [I][u1u2:374]:           byte 0 = length byte 9 -> matches
 108.085 SPI  [I][u1u2:509]: +   7 ms  r7=011A TX_EN ch 26 = 2428 MHz                     07 01 1A
 108.085 SPI  [I][u1u2:492]: +   7 ms  read r48 (status: CRC err/sync/PKT/FIFO)           B0 B0 B0
 108.085 SPI  [I][u1u2:345]:           (same frame x2 more)
 108.085 SPI  [I][u1u2:509]: +   8 ms  r7=003E TX/RX off ch 62 = 2464 MHz                 07 00 3E
 108.085 SPI  [I][u1u2:509]: +   8 ms  r52=8000 clear TX FIFO ptr                         34 80 00
 108.085 SPI  [W][u1u2:360]: +   8 ms  TX PACKET 10 B  (last r7: ch 62 = 2464 MHz, 1 Mbps)
 108.085 SPI  [W][u1u2:365]:           09 5F 18 02 00 0E 80 CF 80 5F
 108.085 SPI  [I][u1u2:371]:           .. .. .. .. .. .. .. .. .. ..  (^^ = differs from previous packet)
 108.085 SPI  [I][u1u2:374]:           byte 0 = length byte 9 -> matches
 108.085 SPI  [I][u1u2:509]: +   8 ms  r7=013E TX_EN ch 62 = 2464 MHz                     07 01 3E
 108.085 SPI  [I][u1u2:492]: +   8 ms  read r48 (status: CRC err/sync/PKT/FIFO)           B0 B0 B0
 108.085 SPI  [I][u1u2:345]:           (same frame x2 more)
 108.085 SPI  [I][u1u2:509]: +   9 ms  r7=004E TX/RX off ch 78 = 2480 MHz                 07 00 4E
 108.085 SPI  [I][u1u2:509]: +   9 ms  r52=8000 clear TX FIFO ptr                         34 80 00
 108.085 SPI  [W][u1u2:360]: +   9 ms  TX PACKET 10 B  (last r7: ch 78 = 2480 MHz, 1 Mbps)
 108.085 SPI  [W][u1u2:365]:           09 5F 18 02 00 0E 80 CF 80 5F
 108.085 SPI  [I][u1u2:371]:           .. .. .. .. .. .. .. .. .. ..  (^^ = differs from previous packet)
 108.085 SPI  [I][u1u2:374]:           byte 0 = length byte 9 -> matches
 108.085 SPI  [I][u1u2:509]: +   9 ms  r7=014E TX_EN ch 78 = 2480 MHz                     07 01 4E
 108.085 SPI  [I][u1u2:492]: +   9 ms  read r48 (status: CRC err/sync/PKT/FIFO)           B0 B0 B0
 108.085 SPI  [I][u1u2:345]:           (same frame x2 more)
 108.085 SPI  [I][u1u2:509]: +  37 ms  r7=0006 TX/RX off ch 6 = 2408 MHz                  07 00 06
 108.085 SPI  [I][u1u2:509]: +  37 ms  r52=8000 clear TX FIFO ptr                         34 80 00
 108.085 SPI  [W][u1u2:360]: +  37 ms  TX PACKET 10 B  (last r7: ch 6 = 2408 MHz, 1 Mbps)
 108.085 SPI  [W][u1u2:365]:           09 5F 18 02 00 0E 80 CF 80 5F
 108.085 SPI  [I][u1u2:371]:           .. .. .. .. .. .. .. .. .. ..  (^^ = differs from previous packet)
 108.085 SPI  [I][u1u2:374]:           byte 0 = length byte 9 -> matches
 108.085 SPI  [I][u1u2:509]: +  37 ms  r7=0106 TX_EN ch 6 = 2408 MHz                      07 01 06
 108.085 SPI  [I][u1u2:492]: +  37 ms  read r48 (status: CRC err/sync/PKT/FIFO)           B0 B0 B0
 108.085 SPI  [I][u1u2:345]:           (same frame x1 more)
 108.085 SPI  [I][u1u2:509]: +  38 ms  r7=001A TX/RX off ch 26 = 2428 MHz                 07 00 1A
 108.085 SPI  [I][u1u2:509]: +  38 ms  r52=8000 clear TX FIFO ptr                         34 80 00
 108.085 SPI  [W][u1u2:360]: +  38 ms  TX PACKET 10 B  (last r7: ch 26 = 2428 MHz, 1 Mbps)
 108.085 SPI  [W][u1u2:365]:           09 5F 18 02 00 0E 80 CF 80 5F
 108.085 SPI  [I][u1u2:371]:           .. .. .. .. .. .. .. .. .. ..  (^^ = differs from previous packet)
 108.085 SPI  [I][u1u2:374]:           byte 0 = length byte 9 -> matches
 108.085 SPI  [I][u1u2:509]: +  38 ms  r7=011A TX_EN ch 26 = 2428 MHz                     07 01 1A
 108.085 SPI  [I][u1u2:492]: +  38 ms  read r48 (status: CRC err/sync/PKT/FIFO)           B0 B0 B0
 108.085 SPI  [I][u1u2:345]:           (same frame x2 more)
 108.085 SPI  [I][u1u2:509]: +  39 ms  r7=003E TX/RX off ch 62 = 2464 MHz                 07 00 3E
 108.085 SPI  [I][u1u2:509]: +  39 ms  r52=8000 clear TX FIFO ptr                         34 80 00
 108.085 SPI  [W][u1u2:360]: +  39 ms  TX PACKET 10 B  (last r7: ch 62 = 2464 MHz, 1 Mbps)
 108.085 SPI  [W][u1u2:365]:           09 5F 18 02 00 0E 80 CF 80 5F
 108.132 SPI  [I][u1u2:371]:           .. .. .. .. .. .. .. .. .. ..  (^^ = differs from previous packet)
 108.132 SPI  [I][u1u2:374]:           byte 0 = length byte 9 -> matches
 108.132 SPI  [I][u1u2:509]: +  39 ms  r7=013E TX_EN ch 62 = 2464 MHz                     07 01 3E
 108.132 SPI  [I][u1u2:492]: +  39 ms  read r48 (status: CRC err/sync/PKT/FIFO)           B0 B0 B0
 108.132 SPI  [I][u1u2:345]:           (same frame x2 more)
 108.132 SPI  [I][u1u2:509]: +  40 ms  r7=004E TX/RX off ch 78 = 2480 MHz                 07 00 4E
 108.132 SPI  [W][u1u2:360]: +  40 ms  TX PACKET 20 B  (last r7: ch 78 = 2480 MHz, 1 Mbps)
 108.132 SPI  [W][u1u2:365]:           09 5F 18 02 00 0E 80 CF 80 5F 09 5F 18 02 00 0E 80 CF 80 5F
 108.132 SPI  [I][u1u2:371]:           .. .. .. .. .. .. .. .. .. .. ^^ ^^ ^^ ^^ ^^ ^^ ^^ ^^ ^^ ^^  (^^ = differs from previous packet)
 108.132 SPI  [I][u1u2:374]:           byte 0 = length byte 9 -> does NOT match the FIFO byte count
 108.132 SPI  [I][u1u2:509]: +  41 ms  r7=0106 TX_EN ch 6 = 2408 MHz                      07 01 06
 108.132 SPI  [I][u1u2:509]: +  98 ms  r7=0006 TX/RX off ch 6 = 2408 MHz                  07 00 06
 108.132 SPI  [I][u1u2:509]: +  98 ms  r52=8000 clear TX FIFO ptr                         34 80 00
 108.132 SPI  [W][u1u2:360]: +  99 ms  TX PACKET 10 B  (last r7: ch 6 = 2408 MHz, 1 Mbps)
 108.132 SPI  [W][u1u2:365]:           09 5F 18 02 00 0E 80 CF 80 5F
 108.132 SPI  [I][u1u2:371]:           .. .. .. .. .. .. .. .. .. ..  (^^ = differs from previous packet)
 108.132 SPI  [I][u1u2:374]:           byte 0 = length byte 9 -> matches
 108.132 SPI  [I][u1u2:509]: +  99 ms  r7=0106 TX_EN ch 6 = 2408 MHz                      07 01 06
 108.132 SPI  [I][u1u2:492]: +  99 ms  read r48 (status: CRC err/sync/PKT/FIFO)           B0 B0 B0
 108.132 SPI  [I][u1u2:345]:           (same frame x5 more)
 108.132 SPI  [I][u1u2:509]: +  99 ms  r7=001A TX/RX off ch 26 = 2428 MHz                 07 00 1A
 108.132 SPI  [I][u1u2:509]: +  99 ms  r52=8000 clear TX FIFO ptr                         34 80 00
 108.132 SPI  [W][u1u2:360]: + 100 ms  TX PACKET 10 B  (last r7: ch 26 = 2428 MHz, 1 Mbps)
 108.132 SPI  [W][u1u2:365]:           09 5F 18 02 00 0E 80 CF 80 5F
 108.132 SPI  [I][u1u2:371]:           .. .. .. .. .. .. .. .. .. ..  (^^ = differs from previous packet)
 108.132 SPI  [I][u1u2:374]:           byte 0 = length byte 9 -> matches
 108.132 SPI  [I][u1u2:509]: + 100 ms  r7=011A TX_EN ch 26 = 2428 MHz                     07 01 1A
 108.132 SPI  [I][u1u2:492]: + 100 ms  read r48 (status: CRC err/sync/PKT/FIFO)           B0 B0 B0
 108.132 SPI  [I][u1u2:345]:           (same frame x5 more)
 108.132 SPI  [I][u1u2:509]: + 101 ms  r7=003E TX/RX off ch 62 = 2464 MHz                 07 00 3E
 108.132 SPI  [I][u1u2:509]: + 101 ms  r52=8000 clear TX FIFO ptr                         34 80 00
 108.132 SPI  [W][u1u2:360]: + 101 ms  TX PACKET 10 B  (last r7: ch 62 = 2464 MHz, 1 Mbps)
 108.132 SPI  [W][u1u2:365]:           09 5F 18 02 00 0E 80 CF 80 5F
 108.132 SPI  [I][u1u2:371]:           .. .. .. .. .. .. .. .. .. ..  (^^ = differs from previous packet)
 108.132 SPI  [I][u1u2:374]:           byte 0 = length byte 9 -> matches
 108.132 SPI  [I][u1u2:509]: + 101 ms  r7=013E TX_EN ch 62 = 2464 MHz                     07 01 3E
 108.132 SPI  [I][u1u2:492]: + 101 ms  read r48 (status: CRC err/sync/PKT/FIFO)           B0 B0 B0
 108.132 SPI  [I][u1u2:345]:           (same frame x5 more)
 108.132 SPI  [I][u1u2:509]: + 102 ms  r7=004E TX/RX off ch 78 = 2480 MHz                 07 00 4E
 108.132 SPI  [I][u1u2:509]: + 102 ms  r52=8000 clear TX FIFO ptr                         34 80 00
 108.132 SPI  [W][u1u2:360]: + 103 ms  TX PACKET 10 B  (last r7: ch 78 = 2480 MHz, 1 Mbps)
 108.132 SPI  [W][u1u2:365]:           09 5F 18 02 00 0E 80 CF 80 5F
 108.132 SPI  [I][u1u2:371]:           .. .. .. .. .. .. .. .. .. ..  (^^ = differs from previous packet)
 108.132 SPI  [I][u1u2:374]:           byte 0 = length byte 9 -> matches
 108.132 SPI  [I][u1u2:509]: + 103 ms  r7=014E TX_EN ch 78 = 2480 MHz                     07 01 4E
 108.132 SPI  [I][u1u2:492]: + 103 ms  read r48 (status: CRC err/sync/PKT/FIFO)           B0 B0 B0
 108.177 SPI  [I][u1u2:345]:           (same frame x2 more)
 108.177 SPI  [I][u1u2:509]: + 103 ms  r7=0006 TX/RX off ch 6 = 2408 MHz                  07 00 06
 108.177 SPI  [I][u1u2:509]: + 103 ms  r52=8000 clear TX FIFO ptr                         34 80 00
 108.177 SPI  [W][u1u2:360]: + 104 ms  TX PACKET 10 B  (last r7: ch 6 = 2408 MHz, 1 Mbps)
 108.177 SPI  [W][u1u2:365]:           09 5F 18 02 00 0E 80 CF 80 5F
 108.177 SPI  [I][u1u2:371]:           .. .. .. .. .. .. .. .. .. ..  (^^ = differs from previous packet)
 108.177 SPI  [I][u1u2:374]:           byte 0 = length byte 9 -> matches
 108.177 SPI  [I][u1u2:509]: + 104 ms  r7=0106 TX_EN ch 6 = 2408 MHz                      07 01 06
 108.177 SPI  [I][u1u2:492]: + 104 ms  read r48 (status: CRC err/sync/PKT/FIFO)           B0 B0 B0
 108.177 SPI  [I][u1u2:345]:           (same frame x2 more)
 108.177 SPI  [I][u1u2:509]: + 104 ms  r7=001A TX/RX off ch 26 = 2428 MHz                 07 00 1A
 108.177 SPI  [I][u1u2:509]: + 104 ms  r52=8000 clear TX FIFO ptr                         34 80 00
 108.177 SPI  [W][u1u2:360]: + 105 ms  TX PACKET 10 B  (last r7: ch 26 = 2428 MHz, 1 Mbps)
 108.177 SPI  [W][u1u2:365]:           09 5F 18 02 00 0E 80 CF 80 5F
 108.177 SPI  [I][u1u2:371]:           .. .. .. .. .. .. .. .. .. ..  (^^ = differs from previous packet)
 108.177 SPI  [I][u1u2:374]:           byte 0 = length byte 9 -> matches
 108.177 SPI  [I][u1u2:509]: + 105 ms  r7=011A TX_EN ch 26 = 2428 MHz                     07 01 1A
 108.177 SPI  [I][u1u2:492]: + 105 ms  read r48 (status: CRC err/sync/PKT/FIFO)           B0 B0 B0
 108.177 SPI  [I][u1u2:345]:           (same frame x1 more)
 108.177 SPI  [I][u1u2:509]: + 154 ms  r7=0006 TX/RX off ch 6 = 2408 MHz                  07 00 06
 108.177 SPI  [I][u1u2:509]: + 154 ms  r52=8000 clear TX FIFO ptr                         34 80 00
 108.177 SPI  [W][u1u2:360]: + 154 ms  TX PACKET 10 B  (last r7: ch 6 = 2408 MHz, 1 Mbps)
 108.177 SPI  [W][u1u2:365]:           09 5F 18 02 00 0E 80 CF 80 5F
 108.177 SPI  [I][u1u2:371]:           .. .. .. .. .. .. .. .. .. ..  (^^ = differs from previous packet)
 108.177 SPI  [I][u1u2:374]:           byte 0 = length byte 9 -> matches
 108.177 SPI  [I][u1u2:509]: + 154 ms  r7=0106 TX_EN ch 6 = 2408 MHz                      07 01 06
 108.177 SPI  [I][u1u2:492]: + 155 ms  read r48 (status: CRC err/sync/PKT/FIFO)           B0 B0 B0
 108.177 SPI  [I][u1u2:345]:           (same frame x5 more)
 108.177 SPI  [I][u1u2:509]: + 155 ms  r7=001A TX/RX off ch 26 = 2428 MHz                 07 00 1A
 108.177 SPI  [I][u1u2:509]: + 155 ms  r52=8000 clear TX FIFO ptr                         34 80 00
 108.177 SPI  [W][u1u2:360]: + 156 ms  TX PACKET 10 B  (last r7: ch 26 = 2428 MHz, 1 Mbps)
 108.177 SPI  [W][u1u2:365]:           09 5F 18 02 00 0E 80 CF 80 5F
 108.177 SPI  [I][u1u2:371]:           .. .. .. .. .. .. .. .. .. ..  (^^ = differs from previous packet)
 108.177 SPI  [I][u1u2:374]:           byte 0 = length byte 9 -> matches
 108.177 SPI  [I][u1u2:509]: + 156 ms  r7=011A TX_EN ch 26 = 2428 MHz                     07 01 1A
 108.177 SPI  [I][u1u2:492]: + 156 ms  read r48 (status: CRC err/sync/PKT/FIFO)           B0 B0 B0
 108.177 SPI  [I][u1u2:345]:           (same frame x5 more)
 108.177 SPI  [I][u1u2:509]: + 157 ms  r7=003E TX/RX off ch 62 = 2464 MHz                 07 00 3E
 108.177 SPI  [I][u1u2:509]: + 157 ms  r52=8000 clear TX FIFO ptr                         34 80 00
 108.177 SPI  [W][u1u2:360]: + 157 ms  TX PACKET 10 B  (last r7: ch 62 = 2464 MHz, 1 Mbps)
 108.177 SPI  [W][u1u2:365]:           09 5F 18 02 00 0E 80 CF 80 5F
 108.177 SPI  [I][u1u2:371]:           .. .. .. .. .. .. .. .. .. ..  (^^ = differs from previous packet)
 108.177 SPI  [I][u1u2:374]:           byte 0 = length byte 9 -> matches
 108.177 SPI  [I][u1u2:509]: + 157 ms  r7=013E TX_EN ch 62 = 2464 MHz                     07 01 3E
 108.177 SPI  [I][u1u2:492]: + 157 ms  read r48 (status: CRC err/sync/PKT/FIFO)           B0 B0 B0
 108.177 SPI  [I][u1u2:345]:           (same frame x3 more)
 108.177 SPI  [I][u1u2:509]: + 158 ms  r7=004E TX/RX off ch 78 = 2480 MHz                 07 00 4E
 108.225 SPI  [I][u1u2:509]: + 158 ms  r52=8000 clear TX FIFO ptr                         34 80 00
 108.225 SPI  [W][u1u2:360]: + 158 ms  TX PACKET 10 B  (last r7: ch 78 = 2480 MHz, 1 Mbps)
 108.225 SPI  [W][u1u2:365]:           09 5F 18 02 00 0E 80 CF 80 5F
 108.225 SPI  [I][u1u2:371]:           .. .. .. .. .. .. .. .. .. ..  (^^ = differs from previous packet)
 108.225 SPI  [I][u1u2:374]:           byte 0 = length byte 9 -> matches
 108.225 SPI  [I][u1u2:509]: + 158 ms  r7=014E TX_EN ch 78 = 2480 MHz                     07 01 4E
 108.225 SPI  [I][u1u2:492]: + 158 ms  read r48 (status: CRC err/sync/PKT/FIFO)           B0 B0 B0
 108.225 SPI  [I][u1u2:345]:           (same frame x2 more)
 108.225 SPI  [I][u1u2:509]: + 159 ms  r7=0006 TX/RX off ch 6 = 2408 MHz                  07 00 06
 108.225 SPI  [I][u1u2:509]: + 159 ms  r52=8000 clear TX FIFO ptr                         34 80 00
 108.225 SPI  [W][u1u2:360]: + 159 ms  TX PACKET 10 B  (last r7: ch 6 = 2408 MHz, 1 Mbps)
 108.225 SPI  [W][u1u2:365]:           09 5F 18 02 00 0E 80 CF 80 5F
 108.225 SPI  [I][u1u2:371]:           .. .. .. .. .. .. .. .. .. ..  (^^ = differs from previous packet)
 108.225 SPI  [I][u1u2:374]:           byte 0 = length byte 9 -> matches
 108.225 SPI  [I][u1u2:509]: + 159 ms  r7=0106 TX_EN ch 6 = 2408 MHz                      07 01 06
 108.225 SPI  [I][u1u2:492]: + 159 ms  read r48 (status: CRC err/sync/PKT/FIFO)           B0 B0 B0
 108.225 SPI  [I][u1u2:345]:           (same frame x2 more)
 108.225 SPI  [I][u1u2:509]: + 160 ms  r7=001A TX/RX off ch 26 = 2428 MHz                 07 00 1A
 108.225 SPI  [I][u1u2:509]: + 160 ms  r52=8000 clear TX FIFO ptr                         34 80 00
 108.225 SPI  [W][u1u2:360]: + 160 ms  TX PACKET 10 B  (last r7: ch 26 = 2428 MHz, 1 Mbps)
 108.225 SPI  [W][u1u2:365]:           09 5F 18 02 00 0E 80 CF 80 5F
 108.225 SPI  [I][u1u2:371]:           .. .. .. .. .. .. .. .. .. ..  (^^ = differs from previous packet)
 108.225 SPI  [I][u1u2:374]:           byte 0 = length byte 9 -> matches
 108.225 SPI  [I][u1u2:509]: + 160 ms  r7=011A TX_EN ch 26 = 2428 MHz                     07 01 1A
 108.225 SPI  [I][u1u2:492]: + 161 ms  read r48 (status: CRC err/sync/PKT/FIFO)           B0 B0 B0
 108.225 SPI  [I][u1u2:345]:           (same frame x2 more)
 108.225 SPI  [I][u1u2:509]: + 162 ms  r7=004E TX/RX off ch 78 = 2480 MHz                 07 00 4E
 108.225 SPI  [I][u1u2:509]: + 162 ms  r52=8000 clear TX FIFO ptr                         34 80 00
 108.225 SPI  [W][u1u2:360]: + 163 ms  TX PACKET 10 B  (last r7: ch 78 = 2480 MHz, 1 Mbps)
 108.225 SPI  [W][u1u2:365]:           09 5F 18 02 00 0E 80 CF 80 5F
 108.225 SPI  [I][u1u2:371]:           .. .. .. .. .. .. .. .. .. ..  (^^ = differs from previous packet)
 108.225 SPI  [I][u1u2:374]:           byte 0 = length byte 9 -> matches
 108.225 SPI  [I][u1u2:509]: + 209 ms  r7=0006 TX/RX off ch 6 = 2408 MHz                  07 00 06
 108.225 SPI  [I][u1u2:509]: + 209 ms  r52=8000 clear TX FIFO ptr                         34 80 00
 108.225 SPI  [W][u1u2:360]: + 210 ms  TX PACKET 10 B  (last r7: ch 6 = 2408 MHz, 1 Mbps)
 108.225 SPI  [W][u1u2:365]:           09 5F 18 02 00 0E 80 CF 80 5F
 108.225 SPI  [I][u1u2:371]:           .. .. .. .. .. .. .. .. .. ..  (^^ = differs from previous packet)
 108.225 SPI  [I][u1u2:374]:           byte 0 = length byte 9 -> matches
 108.225 SPI  [I][u1u2:509]: + 210 ms  r7=0106 TX_EN ch 6 = 2408 MHz                      07 01 06
 108.225 SPI  [I][u1u2:492]: + 210 ms  read r48 (status: CRC err/sync/PKT/FIFO)           B0 B0 B0
 108.225 SPI  [I][u1u2:345]:           (same frame x5 more)
 108.225 SPI  [I][u1u2:509]: + 211 ms  r7=001A TX/RX off ch 26 = 2428 MHz                 07 00 1A
 108.225 SPI  [I][u1u2:509]: + 211 ms  r52=8000 clear TX FIFO ptr                         34 80 00
 108.225 SPI  [W][u1u2:360]: + 211 ms  TX PACKET 10 B  (last r7: ch 26 = 2428 MHz, 1 Mbps)
 108.225 SPI  [W][u1u2:365]:           09 5F 18 02 00 0E 80 CF 80 5F
 108.225 SPI  [I][u1u2:371]:           .. .. .. .. .. .. .. .. .. ..  (^^ = differs from previous packet)
 108.225 SPI  [I][u1u2:374]:           byte 0 = length byte 9 -> matches
 108.225 SPI  [I][u1u2:509]: + 211 ms  r7=011A TX_EN ch 26 = 2428 MHz                     07 01 1A
 108.270 SPI  [I][u1u2:492]: + 211 ms  read r48 (status: CRC err/sync/PKT/FIFO)           B0 B0 B0
 108.270 SPI  [I][u1u2:345]:           (same frame x5 more)
 108.270 SPI  [I][u1u2:509]: + 212 ms  r7=003E TX/RX off ch 62 = 2464 MHz                 07 00 3E
 108.270 SPI  [I][u1u2:509]: + 212 ms  r52=8000 clear TX FIFO ptr                         34 80 00
 108.270 SPI  [W][u1u2:360]: + 213 ms  TX PACKET 10 B  (last r7: ch 62 = 2464 MHz, 1 Mbps)
 108.270 SPI  [W][u1u2:365]:           09 5F 18 02 00 0E 80 CF 80 5F
 108.270 SPI  [I][u1u2:371]:           .. .. .. .. .. .. .. .. .. ..  (^^ = differs from previous packet)
 108.270 SPI  [I][u1u2:374]:           byte 0 = length byte 9 -> matches
 108.270 SPI  [I][u1u2:509]: + 213 ms  r7=013E TX_EN ch 62 = 2464 MHz                     07 01 3E
 108.270 SPI  [I][u1u2:492]: + 213 ms  read r48 (status: CRC err/sync/PKT/FIFO)           B0 B0 B0
 108.270 SPI  [I][u1u2:345]:           (same frame x3 more)
 108.270 SPI  [I][u1u2:509]: + 213 ms  r7=004E TX/RX off ch 78 = 2480 MHz                 07 00 4E
 108.270 SPI  [I][u1u2:509]: + 213 ms  r52=8000 clear TX FIFO ptr                         34 80 00
 108.270 SPI  [W][u1u2:360]: + 214 ms  TX PACKET 10 B  (last r7: ch 78 = 2480 MHz, 1 Mbps)
 108.270 SPI  [W][u1u2:365]:           09 5F 18 02 00 0E 80 CF 80 5F
 108.270 SPI  [I][u1u2:371]:           .. .. .. .. .. .. .. .. .. ..  (^^ = differs from previous packet)
 108.270 SPI  [I][u1u2:374]:           byte 0 = length byte 9 -> matches
 108.270 SPI  [I][u1u2:509]: + 214 ms  r7=014E TX_EN ch 78 = 2480 MHz                     07 01 4E
 108.270 SPI  [I][u1u2:492]: + 214 ms  read r48 (status: CRC err/sync/PKT/FIFO)           B0 B0 B0
 108.270 SPI  [I][u1u2:345]:           (same frame x2 more)
 108.270 SPI  [I][u1u2:509]: + 215 ms  r7=0006 TX/RX off ch 6 = 2408 MHz                  07 00 06
 108.270 SPI  [I][u1u2:509]: + 215 ms  r52=8000 clear TX FIFO ptr                         34 80 00
 108.270 SPI  [W][u1u2:360]: + 215 ms  TX PACKET 10 B  (last r7: ch 6 = 2408 MHz, 1 Mbps)
 108.270 SPI  [W][u1u2:365]:           09 5F 18 02 00 0E 80 CF 80 5F
 108.270 SPI  [I][u1u2:371]:           .. .. .. .. .. .. .. .. .. ..  (^^ = differs from previous packet)
 108.270 SPI  [I][u1u2:374]:           byte 0 = length byte 9 -> matches
 108.270 SPI  [I][u1u2:509]: + 215 ms  r7=0106 TX_EN ch 6 = 2408 MHz                      07 01 06
 108.270 SPI  [I][u1u2:492]: + 215 ms  read r48 (status: CRC err/sync/PKT/FIFO)           B0 B0 B0
 108.270 SPI  [I][u1u2:345]:           (same frame x2 more)
 108.270 SPI  [I][u1u2:509]: + 216 ms  r7=001A TX/RX off ch 26 = 2428 MHz                 07 00 1A
 108.270 SPI  [I][u1u2:509]: + 216 ms  r52=8000 clear TX FIFO ptr                         34 80 00
 108.270 SPI  [W][u1u2:360]: + 216 ms  TX PACKET 10 B  (last r7: ch 26 = 2428 MHz, 1 Mbps)
 108.270 SPI  [W][u1u2:365]:           09 5F 18 02 00 0E 80 CF 80 5F
 108.270 SPI  [I][u1u2:371]:           .. .. .. .. .. .. .. .. .. ..  (^^ = differs from previous packet)
 108.270 SPI  [I][u1u2:374]:           byte 0 = length byte 9 -> matches
 108.270 SPI  [I][u1u2:509]: + 216 ms  r7=011A TX_EN ch 26 = 2428 MHz                     07 01 1A
 108.270 SPI  [I][u1u2:492]: + 216 ms  read r48 (status: CRC err/sync/PKT/FIFO)           B0 B0 B0
 108.270 SPI  [I][u1u2:345]:           (same frame x1 more)
 108.270 SPI  [I][u1u2:509]: + 218 ms  r7=004E TX/RX off ch 78 = 2480 MHz                 07 00 4E
 108.270 SPI  [I][u1u2:435]: ---- quiet: 239 frames, 31 TX packets, 0 FIFO reads, 0 PKT flags ----
 108.270 SPI  [W][u1u2:410]: LT8920 CONFIG  (* = never written by U1, power-up default)
 108.270 SPI  [W][u1u2:421]:     r7=004E TX/RX off ch 78 = 2480 MHz
 108.270 SPI  [W][u1u2:421]:   * r44=0100 data rate 1 Mbps
 108.270 SPI  [W][u1u2:421]:   * r45=0080 modem option (0080/0152 = 1 Mbps, 0552 = slower)
 108.270 SPI  [W][u1u2:421]:     r32=4800 preamble 3 B, sync 32 bit, trailer 4 bit, NRZ, no FEC
 108.270 SPI  [W][u1u2:417]:     SYNC WORD r39 r36 = 1982 0516  (32 bit, r36 LSB first on air)
 108.270 SPI  [W][u1u2:421]:     r41=B000 CRC on, scramble off, length byte on, FIFO-empty ends TX on, auto-ack off, flags active-high, CRC seed 00
 108.375 SPI  [W][u1u2:421]:     r35=4300 SLEEP (wakes on SS low), auto-ack retries 3, whitening seed 00
 108.375 SPI  [W][u1u2:421]:     r40=4401 FIFO empty/full thr 8/16, sync bit errors allowed 0
 108.375 SPI  [W][u1u2:421]:     r9=4800 TX power: PA current 4, gain 0
 108.375 SPI  [I][u1u2:429]:   registers written so far: r0 r1 r2 r4 r5 r7 r8 r9 r10 r11 r12 r13 r22 r23 r24 r25 r26 r27 r28 r32 r33 r34 r35 r36 r37 r38 r39 r40 r41 r42 r43 r52
 108.728 NRF  [W][nrf24:457]: [POWER ] #7  8B 02 C5 8C 4A F8 C2 10 00 70 00 7C 06 FC DA 0C FD | fan 0% | q 91% 8/8
 108.728 NRF  [I][nrf24:480]:          vs #6:  b1 0A>02  b5 F9>F8  b7 B0>10  b11 79>7C  b12 16>06  b14 67>DA  (+1 more)
 111.743 SPI  [I][u1u2:448]: ---- activity ----
 111.743 SPI  [I][u1u2:509]: +   0 ms  r7=0006 TX/RX off ch 6 = 2408 MHz                  07 00 06
 111.743 SPI  [I][u1u2:509]: +   0 ms  r52=8000 clear TX FIFO ptr                         34 80 00
 111.743 SPI  [W][u1u2:360]: +   1 ms  TX PACKET 10 B  (last r7: ch 6 = 2408 MHz, 1 Mbps)
 111.743 SPI  [W][u1u2:365]:           09 5F 18 02 00 0E 20 CF 80 FF
 111.743 SPI  [I][u1u2:371]:           .. .. .. .. .. .. ^^ .. .. ^^  (^^ = differs from previous packet)
 111.744 SPI  [I][u1u2:374]:           byte 0 = length byte 9 -> matches
 111.744 SPI  [I][u1u2:509]: +   1 ms  r7=0106 TX_EN ch 6 = 2408 MHz                      07 01 06
 111.744 SPI  [I][u1u2:492]: +   1 ms  read r48 (status: CRC err/sync/PKT/FIFO)           B0 B0 B0
 111.744 SPI  [I][u1u2:345]:           (same frame x3 more)
 111.744 SPI  [I][u1u2:509]: +   1 ms  r7=001A TX/RX off ch 26 = 2428 MHz                 07 00 1A
 111.744 SPI  [I][u1u2:509]: +   1 ms  r52=8000 clear TX FIFO ptr                         34 80 00
 111.744 SPI  [W][u1u2:360]: +   2 ms  TX PACKET 10 B  (last r7: ch 26 = 2428 MHz, 1 Mbps)
 111.744 SPI  [W][u1u2:365]:           09 5F 18 02 00 0E 20 CF 80 FF
 111.744 SPI  [I][u1u2:371]:           .. .. .. .. .. .. .. .. .. ..  (^^ = differs from previous packet)
 111.744 SPI  [I][u1u2:374]:           byte 0 = length byte 9 -> matches
 111.744 SPI  [I][u1u2:509]: +   2 ms  r7=011A TX_EN ch 26 = 2428 MHz                     07 01 1A
 111.744 SPI  [I][u1u2:492]: +   2 ms  read r48 (status: CRC err/sync/PKT/FIFO)           B0 B0 B0
 111.744 SPI  [I][u1u2:345]:           (same frame x2 more)
 111.744 SPI  [I][u1u2:509]: +   2 ms  r7=003E TX/RX off ch 62 = 2464 MHz                 07 00 3E
 111.744 SPI  [I][u1u2:509]: +   3 ms  r52=8000 clear TX FIFO ptr                         34 80 00
 111.744 SPI  [W][u1u2:360]: +   3 ms  TX PACKET 10 B  (last r7: ch 62 = 2464 MHz, 1 Mbps)
 111.744 SPI  [W][u1u2:365]:           09 5F 18 02 00 0E 20 CF 80 FF
 111.744 SPI  [I][u1u2:371]:           .. .. .. .. .. .. .. .. .. ..  (^^ = differs from previous packet)
 111.744 SPI  [I][u1u2:374]:           byte 0 = length byte 9 -> matches
 111.744 SPI  [I][u1u2:509]: +   3 ms  r7=013E TX_EN ch 62 = 2464 MHz                     07 01 3E
 111.744 SPI  [I][u1u2:492]: +   3 ms  read r48 (status: CRC err/sync/PKT/FIFO)           B0 B0 B0
 111.744 SPI  [I][u1u2:345]:           (same frame x2 more)
 111.744 SPI  [I][u1u2:509]: +   4 ms  r7=004E TX/RX off ch 78 = 2480 MHz                 07 00 4E
 111.744 SPI  [I][u1u2:509]: +   4 ms  r52=8000 clear TX FIFO ptr                         34 80 00
 111.744 SPI  [W][u1u2:360]: +   4 ms  TX PACKET 10 B  (last r7: ch 78 = 2480 MHz, 1 Mbps)
 111.744 SPI  [W][u1u2:365]:           09 5F 18 02 00 0E 20 CF 80 FF
 111.744 SPI  [I][u1u2:371]:           .. .. .. .. .. .. .. .. .. ..  (^^ = differs from previous packet)
 111.744 SPI  [I][u1u2:374]:           byte 0 = length byte 9 -> matches
 111.744 SPI  [I][u1u2:509]: +   4 ms  r7=014E TX_EN ch 78 = 2480 MHz                     07 01 4E
 111.744 SPI  [I][u1u2:492]: +   4 ms  read r48 (status: CRC err/sync/PKT/FIFO)           B0 B0 B0
 111.744 SPI  [I][u1u2:345]:           (same frame x2 more)
 111.744 SPI  [I][u1u2:509]: +   5 ms  r7=0006 TX/RX off ch 6 = 2408 MHz                  07 00 06
 111.744 SPI  [I][u1u2:509]: +   5 ms  r52=8000 clear TX FIFO ptr                         34 80 00
 111.744 SPI  [W][u1u2:360]: +   5 ms  TX PACKET 10 B  (last r7: ch 6 = 2408 MHz, 1 Mbps)
 111.744 SPI  [W][u1u2:365]:           09 5F 18 02 00 0E 20 CF 80 FF
 111.744 SPI  [I][u1u2:371]:           .. .. .. .. .. .. .. .. .. ..  (^^ = differs from previous packet)
 111.744 SPI  [I][u1u2:374]:           byte 0 = length byte 9 -> matches
 111.744 SPI  [I][u1u2:509]: +   5 ms  r7=0106 TX_EN ch 6 = 2408 MHz                      07 01 06
 111.744 SPI  [I][u1u2:492]: +   5 ms  read r48 (status: CRC err/sync/PKT/FIFO)           B0 B0 B0
 111.744 SPI  [I][u1u2:345]:           (same frame x2 more)
 111.744 SPI  [I][u1u2:509]: +   6 ms  r7=001A TX/RX off ch 26 = 2428 MHz                 07 00 1A
 111.788 SPI  [I][u1u2:509]: +   6 ms  r52=8000 clear TX FIFO ptr                         34 80 00
 111.788 SPI  [W][u1u2:360]: +   6 ms  TX PACKET 10 B  (last r7: ch 26 = 2428 MHz, 1 Mbps)
 111.788 SPI  [W][u1u2:365]:           09 5F 18 02 00 0E 20 CF 80 FF
 111.788 SPI  [I][u1u2:371]:           .. .. .. .. .. .. .. .. .. ..  (^^ = differs from previous packet)
 111.788 SPI  [I][u1u2:374]:           byte 0 = length byte 9 -> matches
 111.788 SPI  [I][u1u2:509]: +   6 ms  r7=011A TX_EN ch 26 = 2428 MHz                     07 01 1A
 111.788 SPI  [I][u1u2:492]: +   6 ms  read r48 (status: CRC err/sync/PKT/FIFO)           B0 B0 B0
 111.788 SPI  [I][u1u2:345]:           (same frame x2 more)
 111.789 SPI  [I][u1u2:509]: +   7 ms  r7=003E TX/RX off ch 62 = 2464 MHz                 07 00 3E
 111.789 SPI  [I][u1u2:509]: +   7 ms  r52=8000 clear TX FIFO ptr                         34 80 00
 111.789 SPI  [W][u1u2:360]: +   7 ms  TX PACKET 10 B  (last r7: ch 62 = 2464 MHz, 1 Mbps)
 111.789 SPI  [W][u1u2:365]:           09 5F 18 02 00 0E 20 CF 80 FF
 111.789 SPI  [I][u1u2:371]:           .. .. .. .. .. .. .. .. .. ..  (^^ = differs from previous packet)
 111.789 SPI  [I][u1u2:374]:           byte 0 = length byte 9 -> matches
 111.789 SPI  [I][u1u2:509]: +   7 ms  r7=013E TX_EN ch 62 = 2464 MHz                     07 01 3E
 111.789 SPI  [I][u1u2:492]: +   7 ms  read r48 (status: CRC err/sync/PKT/FIFO)           B0 B0 B0
 111.789 SPI  [I][u1u2:345]:           (same frame x2 more)
 111.789 SPI  [I][u1u2:509]: +   8 ms  r7=004E TX/RX off ch 78 = 2480 MHz                 07 00 4E
 111.789 SPI  [I][u1u2:509]: +   8 ms  r52=8000 clear TX FIFO ptr                         34 80 00
 111.789 SPI  [W][u1u2:360]: +   8 ms  TX PACKET 10 B  (last r7: ch 78 = 2480 MHz, 1 Mbps)
 111.789 SPI  [W][u1u2:365]:           09 5F 18 02 00 0E 20 CF 80 FF
 111.789 SPI  [I][u1u2:371]:           .. .. .. .. .. .. .. .. .. ..  (^^ = differs from previous packet)
 111.789 SPI  [I][u1u2:374]:           byte 0 = length byte 9 -> matches
 111.789 SPI  [I][u1u2:509]: +   9 ms  r7=014E TX_EN ch 78 = 2480 MHz                     07 01 4E
 111.789 SPI  [I][u1u2:492]: +   9 ms  read r48 (status: CRC err/sync/PKT/FIFO)           B0 B0 B0
 111.789 SPI  [I][u1u2:345]:           (same frame x2 more)
 111.789 SPI  [I][u1u2:509]: +  16 ms  r7=0006 TX/RX off ch 6 = 2408 MHz                  07 00 06
 111.789 SPI  [I][u1u2:509]: +  16 ms  r52=8000 clear TX FIFO ptr                         34 80 00
 111.789 SPI  [W][u1u2:360]: +  16 ms  TX PACKET 10 B  (last r7: ch 6 = 2408 MHz, 1 Mbps)
 111.789 SPI  [W][u1u2:365]:           09 5F 18 02 00 0E 20 CF 80 FF
 111.789 SPI  [I][u1u2:371]:           .. .. .. .. .. .. .. .. .. ..  (^^ = differs from previous packet)
 111.789 SPI  [I][u1u2:374]:           byte 0 = length byte 9 -> matches
 111.789 SPI  [I][u1u2:509]: +  16 ms  r7=0106 TX_EN ch 6 = 2408 MHz                      07 01 06
 111.789 SPI  [I][u1u2:492]: +  17 ms  read r48 (status: CRC err/sync/PKT/FIFO)           B0 B0 B0
 111.789 SPI  [I][u1u2:345]:           (same frame x1 more)
 111.789 SPI  [I][u1u2:509]: +  17 ms  r7=001A TX/RX off ch 26 = 2428 MHz                 07 00 1A
 111.789 SPI  [I][u1u2:509]: +  19 ms  r52=8000 clear TX FIFO ptr                         34 80 00
 111.789 SPI  [W][u1u2:360]: +  22 ms  TX PACKET 10 B  (last r7: ch 26 = 2428 MHz, 1 Mbps)
 111.789 SPI  [W][u1u2:365]:           09 5F 18 02 00 0E 20 CF 80 FF
 111.789 SPI  [I][u1u2:371]:           .. .. .. .. .. .. .. .. .. ..  (^^ = differs from previous packet)
 111.789 SPI  [I][u1u2:374]:           byte 0 = length byte 9 -> matches
 111.789 SPI  [I][u1u2:492]: +  23 ms  read r48 (status: CRC err/sync/PKT/FIFO)           B0 B0 B0
 111.789 SPI  [I][u1u2:509]: +  24 ms  r7=004E TX/RX off ch 78 = 2480 MHz                 07 00 4E
 111.789 SPI  [I][u1u2:509]: +  57 ms  r7=0006 TX/RX off ch 6 = 2408 MHz                  07 00 06
 111.789 SPI  [I][u1u2:509]: +  57 ms  r52=8000 clear TX FIFO ptr                         34 80 00
 111.789 SPI  [W][u1u2:360]: +  58 ms  TX PACKET 10 B  (last r7: ch 6 = 2408 MHz, 1 Mbps)
 111.789 SPI  [W][u1u2:365]:           09 5F 18 02 00 0E 20 CF 80 FF
 111.836 SPI  [I][u1u2:371]:           .. .. .. .. .. .. .. .. .. ..  (^^ = differs from previous packet)
 111.836 SPI  [I][u1u2:374]:           byte 0 = length byte 9 -> matches
 111.836 SPI  [I][u1u2:509]: +  58 ms  r7=0106 TX_EN ch 6 = 2408 MHz                      07 01 06
 111.836 SPI  [I][u1u2:492]: +  58 ms  read r48 (status: CRC err/sync/PKT/FIFO)           B0 B0 B0
 111.836 SPI  [I][u1u2:345]:           (same frame x5 more)
 111.836 SPI  [I][u1u2:509]: +  59 ms  r7=001A TX/RX off ch 26 = 2428 MHz                 07 00 1A
 111.836 SPI  [I][u1u2:509]: +  59 ms  r52=8000 clear TX FIFO ptr                         34 80 00
 111.836 SPI  [W][u1u2:360]: +  59 ms  TX PACKET 10 B  (last r7: ch 26 = 2428 MHz, 1 Mbps)
 111.836 SPI  [W][u1u2:365]:           09 5F 18 02 00 0E 20 CF 80 FF
 111.836 SPI  [I][u1u2:371]:           .. .. .. .. .. .. .. .. .. ..  (^^ = differs from previous packet)
 111.836 SPI  [I][u1u2:374]:           byte 0 = length byte 9 -> matches
 111.836 SPI  [I][u1u2:509]: +  59 ms  r7=011A TX_EN ch 26 = 2428 MHz                     07 01 1A
 111.836 SPI  [I][u1u2:492]: +  59 ms  read r48 (status: CRC err/sync/PKT/FIFO)           B0 B0 B0
 111.836 SPI  [I][u1u2:345]:           (same frame x5 more)
 111.836 SPI  [I][u1u2:509]: +  60 ms  r7=003E TX/RX off ch 62 = 2464 MHz                 07 00 3E
 111.836 SPI  [I][u1u2:509]: +  60 ms  r52=8000 clear TX FIFO ptr                         34 80 00
 111.836 SPI  [W][u1u2:360]: +  60 ms  TX PACKET 10 B  (last r7: ch 62 = 2464 MHz, 1 Mbps)
 111.836 SPI  [W][u1u2:365]:           09 5F 18 02 00 0E 20 CF 80 FF
 111.836 SPI  [I][u1u2:371]:           .. .. .. .. .. .. .. .. .. ..  (^^ = differs from previous packet)
 111.836 SPI  [I][u1u2:374]:           byte 0 = length byte 9 -> matches
 111.836 SPI  [I][u1u2:509]: +  61 ms  r7=013E TX_EN ch 62 = 2464 MHz                     07 01 3E
 111.836 SPI  [I][u1u2:492]: +  61 ms  read r48 (status: CRC err/sync/PKT/FIFO)           B0 B0 B0
 111.836 SPI  [I][u1u2:345]:           (same frame x4 more)
 111.836 SPI  [W][u1u2:360]: +  64 ms  TX PACKET 10 B  (last r7: ch 62 = 2464 MHz, 1 Mbps)
 111.836 SPI  [W][u1u2:365]:           09 5F 18 02 00 0E 20 CF 80 FF
 111.836 SPI  [I][u1u2:371]:           .. .. .. .. .. .. .. .. .. ..  (^^ = differs from previous packet)
 111.836 SPI  [I][u1u2:374]:           byte 0 = length byte 9 -> matches
 111.836 SPI  [I][u1u2:492]: +  66 ms  read r48 (status: CRC err/sync/PKT/FIFO)           B0 B0 B0
 111.836 SPI  [I][u1u2:509]: +  66 ms  r7=004E TX/RX off ch 78 = 2480 MHz                 07 00 4E
 111.836 SPI  [I][u1u2:509]: +  66 ms  r52=8000 clear TX FIFO ptr                         34 80 00
 111.836 SPI  [I][u1u2:509]: + 113 ms  r7=0006 TX/RX off ch 6 = 2408 MHz                  07 00 06
 111.836 SPI  [I][u1u2:509]: + 113 ms  r52=8000 clear TX FIFO ptr                         34 80 00
 111.836 SPI  [W][u1u2:360]: + 114 ms  TX PACKET 10 B  (last r7: ch 6 = 2408 MHz, 1 Mbps)
 111.836 SPI  [W][u1u2:365]:           09 5F 18 02 00 0E 20 CF 80 FF
 111.836 SPI  [I][u1u2:371]:           .. .. .. .. .. .. .. .. .. ..  (^^ = differs from previous packet)
 111.836 SPI  [I][u1u2:374]:           byte 0 = length byte 9 -> matches
 111.836 SPI  [I][u1u2:509]: + 114 ms  r7=0106 TX_EN ch 6 = 2408 MHz                      07 01 06
 111.836 SPI  [I][u1u2:492]: + 114 ms  read r48 (status: CRC err/sync/PKT/FIFO)           B0 B0 B0
 111.836 SPI  [I][u1u2:345]:           (same frame x5 more)
 111.836 SPI  [I][u1u2:509]: + 115 ms  r7=001A TX/RX off ch 26 = 2428 MHz                 07 00 1A
 111.836 SPI  [I][u1u2:509]: + 115 ms  r52=8000 clear TX FIFO ptr                         34 80 00
 111.836 SPI  [W][u1u2:360]: + 115 ms  TX PACKET 10 B  (last r7: ch 26 = 2428 MHz, 1 Mbps)
 111.836 SPI  [W][u1u2:365]:           09 5F 18 02 00 0E 20 CF 80 FF
 111.836 SPI  [I][u1u2:371]:           .. .. .. .. .. .. .. .. .. ..  (^^ = differs from previous packet)
 111.836 SPI  [I][u1u2:374]:           byte 0 = length byte 9 -> matches
 111.836 SPI  [I][u1u2:509]: + 115 ms  r7=011A TX_EN ch 26 = 2428 MHz                     07 01 1A
 111.836 SPI  [I][u1u2:492]: + 115 ms  read r48 (status: CRC err/sync/PKT/FIFO)           B0 B0 B0
 111.836 SPI  [I][u1u2:345]:           (same frame x5 more)
 111.884 SPI  [I][u1u2:509]: + 116 ms  r7=003E TX/RX off ch 62 = 2464 MHz                 07 00 3E
 111.884 SPI  [I][u1u2:509]: + 116 ms  r52=8000 clear TX FIFO ptr                         34 80 00
 111.884 SPI  [W][u1u2:360]: + 116 ms  TX PACKET 10 B  (last r7: ch 62 = 2464 MHz, 1 Mbps)
 111.884 SPI  [W][u1u2:365]:           09 5F 18 02 00 0E 20 CF 80 FF
 111.884 SPI  [I][u1u2:371]:           .. .. .. .. .. .. .. .. .. ..  (^^ = differs from previous packet)
 111.884 SPI  [I][u1u2:374]:           byte 0 = length byte 9 -> matches
 111.884 SPI  [I][u1u2:509]: + 116 ms  r7=013E TX_EN ch 62 = 2464 MHz                     07 01 3E
 111.884 SPI  [I][u1u2:492]: + 116 ms  read r48 (status: CRC err/sync/PKT/FIFO)           B0 B0 B0
 111.884 SPI  [I][u1u2:345]:           (same frame x2 more)
 111.884 SPI  [I][u1u2:509]: + 117 ms  r7=004E TX/RX off ch 78 = 2480 MHz                 07 00 4E
 111.884 SPI  [I][u1u2:509]: + 117 ms  r52=8000 clear TX FIFO ptr                         34 80 00
 111.884 SPI  [W][u1u2:360]: + 117 ms  TX PACKET 10 B  (last r7: ch 78 = 2480 MHz, 1 Mbps)
 111.884 SPI  [W][u1u2:365]:           09 5F 18 02 00 0E 20 CF 80 FF
 111.884 SPI  [I][u1u2:371]:           .. .. .. .. .. .. .. .. .. ..  (^^ = differs from previous packet)
 111.884 SPI  [I][u1u2:374]:           byte 0 = length byte 9 -> matches
 111.884 SPI  [I][u1u2:509]: + 118 ms  r7=014E TX_EN ch 78 = 2480 MHz                     07 01 4E
 111.884 SPI  [I][u1u2:492]: + 118 ms  read r48 (status: CRC err/sync/PKT/FIFO)           B0 B0 B0
 111.884 SPI  [I][u1u2:345]:           (same frame x2 more)
 111.884 SPI  [I][u1u2:509]: + 118 ms  r7=0006 TX/RX off ch 6 = 2408 MHz                  07 00 06
 111.884 SPI  [I][u1u2:509]: + 118 ms  r52=8000 clear TX FIFO ptr                         34 80 00
 111.884 SPI  [W][u1u2:360]: + 119 ms  TX PACKET 10 B  (last r7: ch 6 = 2408 MHz, 1 Mbps)
 111.884 SPI  [W][u1u2:365]:           09 5F 18 02 00 0E 20 CF 80 FF
 111.884 SPI  [I][u1u2:371]:           .. .. .. .. .. .. .. .. .. ..  (^^ = differs from previous packet)
 111.884 SPI  [I][u1u2:374]:           byte 0 = length byte 9 -> matches
 111.884 SPI  [I][u1u2:509]: + 119 ms  r7=0106 TX_EN ch 6 = 2408 MHz                      07 01 06
 111.884 SPI  [I][u1u2:492]: + 119 ms  read r48 (status: CRC err/sync/PKT/FIFO)           B0 B0 B0
 111.884 SPI  [I][u1u2:345]:           (same frame x2 more)
 111.884 SPI  [I][u1u2:509]: + 119 ms  r7=001A TX/RX off ch 26 = 2428 MHz                 07 00 1A
 111.884 SPI  [I][u1u2:492]: + 120 ms  read r48 (status: CRC err/sync/PKT/FIFO)           B0 B0 B0
 111.884 SPI  [I][u1u2:509]: + 122 ms  r7=004E TX/RX off ch 78 = 2480 MHz                 07 00 4E
 111.884 SPI  [I][u1u2:509]: + 122 ms  r52=8000 clear TX FIFO ptr                         34 80 00
 111.884 SPI  [I][u1u2:509]: + 168 ms  r7=0006 TX/RX off ch 6 = 2408 MHz                  07 00 06
 111.884 SPI  [I][u1u2:509]: + 168 ms  r52=8000 clear TX FIFO ptr                         34 80 00
 111.884 SPI  [W][u1u2:360]: + 169 ms  TX PACKET 10 B  (last r7: ch 6 = 2408 MHz, 1 Mbps)
 111.884 SPI  [W][u1u2:365]:           09 5F 18 02 00 0E 20 CF 80 FF
 111.884 SPI  [I][u1u2:371]:           .. .. .. .. .. .. .. .. .. ..  (^^ = differs from previous packet)
 111.884 SPI  [I][u1u2:374]:           byte 0 = length byte 9 -> matches
 111.884 SPI  [I][u1u2:509]: + 169 ms  r7=0106 TX_EN ch 6 = 2408 MHz                      07 01 06
 111.884 SPI  [I][u1u2:492]: + 169 ms  read r48 (status: CRC err/sync/PKT/FIFO)           B0 B0 B0
 111.884 SPI  [I][u1u2:345]:           (same frame x5 more)
 111.884 SPI  [I][u1u2:509]: + 170 ms  r7=001A TX/RX off ch 26 = 2428 MHz                 07 00 1A
 111.884 SPI  [I][u1u2:509]: + 170 ms  r52=8000 clear TX FIFO ptr                         34 80 00
 111.884 SPI  [W][u1u2:360]: + 170 ms  TX PACKET 10 B  (last r7: ch 26 = 2428 MHz, 1 Mbps)
 111.884 SPI  [W][u1u2:365]:           09 5F 18 02 00 0E 20 CF 80 FF
 111.884 SPI  [I][u1u2:371]:           .. .. .. .. .. .. .. .. .. ..  (^^ = differs from previous packet)
 111.884 SPI  [I][u1u2:374]:           byte 0 = length byte 9 -> matches
 111.884 SPI  [I][u1u2:509]: + 170 ms  r7=011A TX_EN ch 26 = 2428 MHz                     07 01 1A
 111.929 SPI  [I][u1u2:492]: + 171 ms  read r48 (status: CRC err/sync/PKT/FIFO)           B0 B0 B0
 111.929 SPI  [I][u1u2:345]:           (same frame x5 more)
 111.929 SPI  [I][u1u2:509]: + 171 ms  r7=003E TX/RX off ch 62 = 2464 MHz                 07 00 3E
 111.929 SPI  [I][u1u2:509]: + 171 ms  r52=8000 clear TX FIFO ptr                         34 80 00
 111.929 SPI  [W][u1u2:360]: + 172 ms  TX PACKET 10 B  (last r7: ch 62 = 2464 MHz, 1 Mbps)
 111.929 SPI  [W][u1u2:365]:           09 5F 18 02 00 0E 20 CF 80 FF
 111.929 SPI  [I][u1u2:371]:           .. .. .. .. .. .. .. .. .. ..  (^^ = differs from previous packet)
 111.929 SPI  [I][u1u2:374]:           byte 0 = length byte 9 -> matches
 111.929 SPI  [I][u1u2:509]: + 172 ms  r7=013E TX_EN ch 62 = 2464 MHz                     07 01 3E
 111.929 SPI  [I][u1u2:492]: + 172 ms  read r48 (status: CRC err/sync/PKT/FIFO)           B0 B0 B0
 111.929 SPI  [I][u1u2:345]:           (same frame x5 more)
 111.929 SPI  [I][u1u2:509]: + 173 ms  r7=004E TX/RX off ch 78 = 2480 MHz                 07 00 4E
 111.929 SPI  [I][u1u2:509]: + 173 ms  r52=8000 clear TX FIFO ptr                         34 80 00
 111.929 SPI  [W][u1u2:360]: + 173 ms  TX PACKET 10 B  (last r7: ch 78 = 2480 MHz, 1 Mbps)
 111.929 SPI  [W][u1u2:365]:           09 5F 18 02 00 0E 20 CF 80 FF
 111.929 SPI  [I][u1u2:371]:           .. .. .. .. .. .. .. .. .. ..  (^^ = differs from previous packet)
 111.929 SPI  [I][u1u2:374]:           byte 0 = length byte 9 -> matches
 111.929 SPI  [I][u1u2:509]: + 173 ms  r7=014E TX_EN ch 78 = 2480 MHz                     07 01 4E
 111.929 SPI  [I][u1u2:492]: + 173 ms  read r48 (status: CRC err/sync/PKT/FIFO)           B0 B0 B0
 111.929 SPI  [I][u1u2:345]:           (same frame x3 more)
 111.929 SPI  [I][u1u2:509]: + 174 ms  r7=0006 TX/RX off ch 6 = 2408 MHz                  07 00 06
 111.929 SPI  [I][u1u2:509]: + 174 ms  r52=8000 clear TX FIFO ptr                         34 80 00
 111.929 SPI  [W][u1u2:360]: + 174 ms  TX PACKET 10 B  (last r7: ch 6 = 2408 MHz, 1 Mbps)
 111.929 SPI  [W][u1u2:365]:           09 5F 18 02 00 0E 20 CF 80 FF
 111.929 SPI  [I][u1u2:371]:           .. .. .. .. .. .. .. .. .. ..  (^^ = differs from previous packet)
 111.929 SPI  [I][u1u2:374]:           byte 0 = length byte 9 -> matches
 111.929 SPI  [I][u1u2:509]: + 174 ms  r7=0106 TX_EN ch 6 = 2408 MHz                      07 01 06
 111.929 SPI  [I][u1u2:492]: + 174 ms  read r48 (status: CRC err/sync/PKT/FIFO)           B0 B0 B0
 111.929 SPI  [I][u1u2:345]:           (same frame x2 more)
 111.929 SPI  [I][u1u2:509]: + 175 ms  r7=001A TX/RX off ch 26 = 2428 MHz                 07 00 1A
 111.929 SPI  [I][u1u2:509]: + 175 ms  r52=8000 clear TX FIFO ptr                         34 80 00
 111.929 SPI  [W][u1u2:360]: + 175 ms  TX PACKET 10 B  (last r7: ch 26 = 2428 MHz, 1 Mbps)
 111.929 SPI  [W][u1u2:365]:           09 5F 18 02 00 0E 20 CF 80 FF
 111.929 SPI  [I][u1u2:371]:           .. .. .. .. .. .. .. .. .. ..  (^^ = differs from previous packet)
 111.929 SPI  [I][u1u2:374]:           byte 0 = length byte 9 -> matches
 111.929 SPI  [I][u1u2:509]: + 175 ms  r7=011A TX_EN ch 26 = 2428 MHz                     07 01 1A
 111.929 SPI  [I][u1u2:492]: + 175 ms  read r48 (status: CRC err/sync/PKT/FIFO)           B0 B0 B0
 111.929 SPI  [I][u1u2:435]: ---- quiet: 196 frames, 25 TX packets, 0 FIFO reads, 0 PKT flags ----
 111.929 SPI  [W][u1u2:410]: LT8920 CONFIG  (* = never written by U1, power-up default)
 111.929 SPI  [W][u1u2:421]:     r7=011A TX_EN ch 26 = 2428 MHz
 111.929 SPI  [W][u1u2:421]:   * r44=0100 data rate 1 Mbps
 111.929 SPI  [W][u1u2:421]:   * r45=0080 modem option (0080/0152 = 1 Mbps, 0552 = slower)
 111.929 SPI  [W][u1u2:421]:     r32=4800 preamble 3 B, sync 32 bit, trailer 4 bit, NRZ, no FEC
 111.929 SPI  [W][u1u2:417]:     SYNC WORD r39 r36 = 1982 0516  (32 bit, r36 LSB first on air)
 111.929 SPI  [W][u1u2:421]:     r41=B000 CRC on, scramble off, length byte on, FIFO-empty ends TX on, auto-ack off, flags active-high, CRC seed 00
 111.930 SPI  [W][u1u2:421]:     r35=4300 SLEEP (wakes on SS low), auto-ack retries 3, whitening seed 00
 112.030 SPI  [W][u1u2:421]:     r40=4401 FIFO empty/full thr 8/16, sync bit errors allowed 0
 112.030 SPI  [W][u1u2:421]:     r9=4800 TX power: PA current 4, gain 0
 112.030 SPI  [I][u1u2:429]:   registers written so far: r0 r1 r2 r4 r5 r7 r8 r9 r10 r11 r12 r13 r22 r23 r24 r25 r26 r27 r28 r32 r33 r34 r35 r36 r37 r38 r39 r40 r41 r42 r43 r52
 112.343 NRF  [W][nrf24:457]: [POWER ] #8  8B 02 C1 8C 4A F9 C2 52 00 70 00 7D 06 FC 67 B5 FD | fan 0% | q 92% 9/9
 112.343 NRF  [I][nrf24:480]:          vs #7:  b2 C5>C1  b5 F8>F9  b7 10>52  b11 7C>7D  b14 DA>67  b15 0C>B5
 117.294 SPI  [I][u1u2:448]: ---- activity ----
 117.297 SPI  [I][u1u2:509]: +   0 ms  r35=4300 SLEEP (wakes on SS low), auto-ack retries 3, whitening seed 00 23 43 00
 117.606 SPI  [I][u1u2:435]: ---- quiet: 1 frames, 0 TX packets, 0 FIFO reads, 0 PKT flags ----
 120.183 SPI  [I][u1u2:607]: listening | frames 2603 | TX packets 236 | dropped 17471 | up 120s
 120.296 NRF  [I][nrf24:712]: waiting for [POWER] presses | decoded 8 | noise bursts 11 | up 120s
 135.299 NRF  [I][nrf24:712]: waiting for [POWER] presses | decoded 8 | noise bursts 11 | up 135s
 150.188 SPI  [I][u1u2:607]: listening | frames 2603 | TX packets 236 | dropped 17471 | up 150s
 150.296 NRF  [I][nrf24:712]: waiting for [POWER] presses | decoded 8 | noise bursts 11 | up 150s
 165.296 NRF  [I][nrf24:712]: waiting for [POWER] presses | decoded 8 | noise bursts 13 | up 165s
 180.109 SPI  [I][u1u2:607]: listening | frames 2603 | TX packets 236 | dropped 17471 | up 180s
 180.322 NRF  [I][nrf24:712]: waiting for [POWER] presses | decoded 8 | noise bursts 13 | up 180s
 195.320 NRF  [I][nrf24:712]: waiting for [POWER] presses | decoded 8 | noise bursts 16 | up 195s
 210.144 SPI  [I][u1u2:607]: listening | frames 2603 | TX packets 236 | dropped 17471 | up 210s
 210.242 NRF  [I][nrf24:712]: waiting for [POWER] presses | decoded 8 | noise bursts 18 | up 210s
 225.257 NRF  [I][nrf24:712]: waiting for [POWER] presses | decoded 8 | noise bursts 19 | up 225s
 240.155 SPI  [I][u1u2:607]: listening | frames 2603 | TX packets 236 | dropped 17471 | up 240s
 240.275 NRF  [I][nrf24:712]: waiting for [POWER] presses | decoded 8 | noise bursts 22 | up 240s
 255.271 NRF  [I][nrf24:712]: waiting for [POWER] presses | decoded 8 | noise bursts 22 | up 255s
 259.499 NRF  [W][nrf24:457]: [POWER ] #9  15 50 55 05 52 01 AA 2A 00 00 50 A8 BB ED AD ED FF | fan ? | q 78% 2/2 | LOW QUALITY, not analysed
 270.165 SPI  [I][u1u2:607]: listening | frames 2603 | TX packets 236 | dropped 17471 | up 270s
 270.249 NRF  [I][nrf24:712]: waiting for [POWER] presses | decoded 9 | noise bursts 22 | up 270s
 285.256 NRF  [I][nrf24:712]: waiting for [POWER] presses | decoded 9 | noise bursts 22 | up 285s
